Sample Label,Species,GROUPS,Fresh (0) Spent (1) MEDIAblank (2) buffer blank (3),Spent media species,replicate,1,2,3,4,5,6,7,8,9,10,11,12,13,14,15,16,17,18,19,20,21,22,23,24,25,26,27,28,29,30,31,32,33,34,35,36,37,38,39,40,41,42,43,44,45,46,47,48,49,50,51,52,53,54,55,56,57,58,59,60,61,62,63,64,65,66,67,68,69,70,71,72,73,74,75,76,77,78,79,80,81,82,83,84,85
356.R3.1,356,1,0,0,1,4673.068321,641182.0481,694852.1131,1121219.693,1547252.169,623189.4438,315914.956,1239599.816,200280.3173,318399.6984,146707.8951,29705.91774,271659.3732,384253.225,600708.9478,196410.3202,308311.0967,239606.5385,322969.0623,43152.99453,360618.9661,329606.794,80283.59925,188154.6774,43532.98267,158261.8101,756213.0756,50876.01141,40204.19609,68578.03297,106548.1583,58558.31266,126577.0128,128019.1577,96082.34666,49534.6971,215392.5862,44826.13065,607162.4302,358444.351,2741572.238,8885.080386,3785.382216,4174.211162,158.6693581,6222.006458,4986.174267,19840.39422,3082.33505,1887.399623,2179.921259,3970.730705,405.4102622,2359.673376,6686.327854,4572.415031,543.8930673,4476.586839,2587.107269,-5.388193693,-5.508450345,105311.1009,101352.619,33880.77901,103465.4294,86895.32957,290950.7688,9257.388175,8045.284216,12120.66103,8994.093944,17369.77476,14428.27284,8444.414204,11029.03882,3867.127384,4965.896768,6242.851956,5097.390093,7935.875016,2752.50073,7313.109154,1800.215235,4018.418284,261.2326577
356.R3.2,356,1,0,0,2,4600.112345,646161.461,701971.8985,1126915.308,1555972.258,625179.6555,319051.0961,1240009.387,200543.7491,319609.5033,147727.8995,29766.58891,273504.9745,387062.3038,601486.0903,196011.6078,310332.7331,239716.7703,324110.2636,43691.51543,365249.0336,331601.5758,80853.05194,189628.9626,43520.88233,159038.9272,760290.5579,50906.50872,40486.76347,68679.50103,103736.3596,59255.37412,127248.0835,128801.1858,96252.56477,50420.75802,216868.4932,45090.94607,611746.0424,363185.735,2767906.324,9346.281513,3641.668485,3880.079422,204.2971107,5058.875383,5176.667492,20547.49653,3260.228482,1883.899999,2249.123734,4261.059808,385.9717376,2506.146542,7192.607348,4751.066651,687.0014393,4597.113431,2482.305994,4.783989421,18.09280398,106443.1604,102142.9812,32865.81867,103976.807,88258.28572,292291.9447,9353.066805,7850.866114,12167.84252,8868.419,17594.14524,14707.75782,8479.287,10756.54487,3826.725754,5074.902321,6312.62527,5129.410839,8269.860042,2795.485196,7309.6595,1809.157867,3993.358482,249.224484
356.R3.3,356,1,0,0,3,4511.643139,623787.3525,672571.1043,1087795.217,1501366.215,599372.2841,311117.3564,1197193.209,191128.2238,311517.2371,140957.3376,28312.36453,264549.9231,370419.5983,577356.0608,188945.9637,298150.6405,230331.1514,311220.1204,41337.04614,348146.8332,318223.1669,77424.91391,182190.2962,42391.82077,152958.8417,729899.5535,49792.7605,39063.40355,65948.18575,88532.22186,56038.46655,122419.9207,124040.6609,92849.19518,46691.83726,207324.0909,41637.67987,586695.511,347977.8477,2844263.398,11844.22913,6408.40065,3649.909237,77.05963756,5678.647933,4923.882281,19416.84545,3092.811168,1769.096052,2156.547476,3903.76443,354.7601289,2489.785764,6508.185048,4458.384069,474.6057162,4354.689533,2503.809715,26.68282059,1.733720075,101456.1507,97305.1929,32654.59662,101518.1665,84335.24191,280878.7461,8789.662505,8581.770833,10463.09864,9463.522918,15571.42026,13092.73412,8025.559272,10441.99423,3905.959476,4637.726467,6141.067636,4811.18689,7698.412487,2677.865542,6992.078717,1660.609542,3946.400548,442.8288013
356.R3.4,356,1,0,0,4,4961.184847,679484.518,732648.5453,1188435.442,1644811.8,656892.4542,333819.1288,1321182.008,210243.6416,338917.4697,158077.6884,31573.91894,285092.9415,409022.5748,636544.5219,203400.4601,326041.9947,252713.3497,343292.0006,45434.37025,381376.2058,350128.2575,84964.85537,198220.0588,46031.83182,167580.1567,800116.1559,52829.78543,42337.4053,72560.79583,111730.2832,61067.99316,135178.9329,136906.9492,101261.3892,53654.68334,227960.8665,49427.8918,644528.9304,380299.425,2895862.009,9650.243882,7109.834632,3923.612734,129.9827185,6021.102543,5397.770434,21223.38499,3300.395855,1924.637021,2368.053509,4211.408588,438.5161287,2632.481812,7167.636614,5022.496924,546.2767021,4895.863069,2674.053205,-2.911964688,8.360405353,111892.5311,107768.6789,35639.85802,109764.2571,92233.25471,308426.5725,9622.23434,7522.100145,12838.14781,9068.770892,25458.85657,18172.16895,13563.01727,11804.28012,3811.121695,5429.845945,6292.328904,5643.231898,8570.735722,2898.847872,7898.172367,1807.332128,4397.942885,194.6266412
360.R3.1,360,2,0,0,1,3557.833226,380998.4737,448347.2376,457942.612,1897279.37,880753.9602,631428.1063,76737.57558,345064.2174,310075.6837,648822.3662,24736.25023,928317.958,192589.8327,320661.3735,116422.027,222896.8448,270738.91,63285.21054,39116.66851,295326.0907,304041.1795,88294.73901,181931.4445,39254.89976,153344.6076,761987.8725,47619.92804,51424.44258,163783.123,113945.25,165920.8261,239024.4495,240756.1664,152289.8332,83254.44094,210627.7996,67265.42888,490277.7746,419706.0472,2498847.142,20198.34074,86970.32927,3114.608636,1571.3343,-152.2866942,5554.610738,20531.43628,3391.040351,4020.587173,469.004543,1575.578531,189.4351681,3034.953082,1695.102855,3208.60336,2693.147423,3100.123697,-328.688255,-150.2492408,404.7224906,78752.88149,123558.8253,39616.68839,101199.943,74765.87923,306673.2093,9094.315094,6668.37029,39102.96836,13202.4102,10133.97337,5624.715611,24150.6053,3350.595252,1908.055368,18185.39233,5210.823576,1953.437505,2406.765869,4222.340333,7401.054738,4130.933896,3503.595993,157.860954
360.R3.2,360,2,0,0,2,3953.190439,422061.5418,494698.2963,505903.7801,2107008.077,965802.4733,700196.2868,90088.01199,383201.083,352612.5866,716542.6141,28367.62524,1018372.302,216703.8804,352800.118,128934.8198,246412.1512,295823.2238,70293.64138,44342.06172,325803.8566,335422.6547,97410.16209,201127.2103,43771.21002,170438.909,839281.412,53482.22266,56655.74194,181017.6462,133710.6377,184835.3809,264757.0878,267208.1396,171254.7586,88689.59472,229782.8614,66761.07801,541280.2315,464611.5101,2767292.784,22313.42731,95847.12952,3091.069008,1558.030342,-99.86811289,6153.08902,22804.15578,3752.123318,4451.16905,558.6070127,1740.201151,178.3646732,3405.530455,1920.015499,3689.245838,3005.667546,3601.631671,-238.6333545,-144.8091671,468.0064774,88220.49941,136911.2308,41621.70656,112320.9854,82164.8378,338881.0451,8301.971108,7435.380279,16758.03078,9023.796098,14293.21571,6341.885274,26953.78547,3692.318784,2338.188,20227.34325,6161.980427,2286.757153,2650.750634,4635.088627,8220.054838,4498.738795,4062.428356,221.5891209
360.R3.3,360,2,0,0,3,3872.652029,415589.2895,486640.2224,496700.844,2054409.227,944499.7724,685116.5162,84418.03002,372159.6187,337105.1329,704270.8403,26996.08103,1002924.972,211155.7363,347115.7615,126802.5082,241914.7854,291376.9871,69003.07398,42844.82108,321162.5585,330371.2303,95414.85677,197357.0557,43330.52274,167232.2623,826121.6749,52314.78876,55847.69055,177845.6654,112468.2839,181193.0188,260203.4156,262186.2814,166378.872,88708.47621,227356.3341,66921.97928,531533.5183,457088.12,2721799.003,21619.02921,94386.26183,3110.421244,1792.129457,-118.3543111,6103.236842,22626.32584,3738.677568,4402.475368,538.032048,1781.126544,194.3680121,3618.152291,1961.362377,3459.691297,2920.427524,3409.788296,-66.39751021,-25.67766542,490.5708013,86596.74991,134595.925,43812.92356,110059.073,81311.89645,332767.5285,9286.53468,6816.699649,9444.277512,21852.73898,11136.78436,6400.709569,26591.23344,3654.462171,2446.528844,19917.28412,6024.01964,2313.27202,2661.37162,4660.611633,8164.192522,4279.295885,4364.600407,281.3716248
360.R3.4,360,2,0,0,4,4651.217137,510994.7342,591205.1746,606910.5031,2485484.076,1129147.861,823382.6789,102337.8147,456026.3983,408089.2914,851586.0838,34626.29405,1203402.792,265606.6121,411800.292,153205.6989,293004.7245,348063.8309,85084.65102,54353.54613,401042.6363,398447.016,117039.8224,238147.4087,50803.26761,205352.6668,992478.2891,62389.33816,66799.24157,217000.2676,159646.2763,226747.7614,316015.5468,319528.0343,202018.5725,99034.45374,269055.901,83500.57609,647021.3224,559252.9265,3310491.697,25877.78375,114311.4627,4085.536448,2226.516859,-304.2321541,7397.578082,27955.10458,4579.795615,5257.793834,674.6526206,1814.055872,191.1520195,3911.397318,2000.327715,4407.052156,3606.406481,4245.247825,-433.6498428,-121.4961631,547.0712203,107555.7708,163844.7153,51927.56724,133956.2832,98794.52213,402609.7366,9483.429553,9212.783092,17073.52456,12696.55651,17107.56173,8942.429716,31509.41222,4713.337242,4120.878099,23045.72553,8640.961069,2973.864565,3354.686009,5470.295087,10037.74331,5295.930148,4907.744286,118.3848381
361.R3.1,361,3,0,0,1,3779.543888,397570.9745,494061.5531,521186.8278,1854179.762,809674.1945,537115.7668,83711.50046,211871.7185,325849.6042,1091440.746,31928.41438,802712.2381,233529.5828,383732.2586,112632.3792,220092.1013,238517.3786,65412.50039,38754.42033,311169.1086,297237.2282,80246.49666,180486.5268,38646.58998,154293.5178,725605.4009,50608.95889,48528.7211,63779.48628,88321.05652,134596.316,190055.3218,191866.8949,132131.3703,65608.98694,199152.0164,109315.371,549212.0993,410238.9238,2580691.683,9278.924826,1305.582131,1207.782758,317.468135,327.3194738,9130.963652,12200.80351,2258.20805,1798.111208,2020.6949,1142.939314,384.313016,2035.513597,1237.358009,4447.269406,766.3247888,4305.721453,2308.113527,-2.290528691,-2.15719093,94277.28614,105980.386,32886.63094,95145.99636,83528.44784,285189.0873,8272.059273,6803.863014,9806.751331,8140.688211,17239.75543,12185.79141,20560.83318,3934.95995,2398.848727,16159.40687,5971.31563,4770.231921,2977.33896,2688.646244,27026.65026,2154.945142,4140.759614,432.9395207
361.R3.2,361,3,0,0,2,3691.607654,398381.9685,490493.5962,518601.5227,1828537.59,773251.4601,528232.6205,79386.36699,202548.1801,317066.937,1074892.248,27393.37011,789123.2847,226707.9674,378130.7002,111183.0824,216164.3415,234241.5973,63944.99041,37332.14865,302015.2013,291401.0905,79125.37589,176438.8365,38205.0934,151743.7146,712660.0048,51375.90256,47893.76802,63419.38434,90622.7291,132311.098,188128.3405,190062.9101,129599.3039,64262.30174,195044.6051,107596.2789,536926.5737,404799.4023,2544493.895,9134.811596,1476.380518,1250.221161,240.9625972,266.4022663,9187.210457,11848.43468,2127.089518,1695.270386,2034.966445,1059.860306,349.2571509,1711.79886,1197.972377,4279.664623,653.7867492,4159.06899,2436.548163,-42.66008951,-5.249788517,93239.43875,103818.1628,33322.12515,95966.90339,81935.3198,279029.4666,8285.914246,7295.427888,9693.838596,8308.847379,15636.6108,10276.70646,20061.95363,3778.289737,2312.983861,15865.51258,5747.604127,4801.229839,3079.050437,2599.033823,27081.07698,1974.463102,3904.202647,764.9798397
361.R3.3,361,3,0,0,3,4512.608648,494881.6494,604162.8667,643959.2353,2295080.566,989260.6377,653655.1998,111205.6376,253802.5994,404376.0922,1343318.99,36140.58301,973474.9637,289996.7983,463955.0434,137517.1254,268986.7776,288190.4358,81566.9096,48545.84323,402107.0101,364888.2026,97640.98588,222324.9926,46801.20332,192636.5807,885695.3519,55394.57013,57682.38276,80961.80315,124816.363,168756.6712,235976.2767,238960.7231,163071.1204,72565.00494,242283.814,131316.6256,691569.3194,516505.0085,3197873.253,11408.37954,1965.355755,1429.822214,346.753613,10.07863995,11364.78195,14839.27157,2796.825788,2132.012097,2494.817184,1282.352445,405.2291451,2219.123785,1370.419014,5412.182577,882.1440456,5282.641361,2765.280659,18.7460146,-112.6370803,119517.0126,132477.2921,41113.08327,119136.3702,102422.1756,351132.7332,10484.11006,8094.885093,15467.42856,12328.35243,15267.01438,8134.823395,24205.68172,6350.886853,7163.43765,22928.30819,6038.755572,6259.11223,4044.90591,3192.852687,33334.42177,2718.708628,4669.744773,220.1706956
361.R3.4,361,3,0,0,4,4146.622119,446566.1221,549055.7697,581565.0463,2068027.674,887559.0738,590876.3546,94272.92695,234702.0875,363077.2188,1218367.71,34096.30374,886239.9353,260020.4689,425859.6215,124623.4564,243206.416,264097.0246,73229.76255,43529.98561,351775.6818,329854.4397,89313.6443,199521.3711,43321.40628,172810.641,805691.8482,51045.89197,53356.47574,71759.43289,108647.3002,151554.054,213199.8609,215448.9106,146603.4874,70602.05479,220317.5703,124266.9097,616259.1908,462545.3622,2884084.365,10086.99831,1719.406573,1324.900848,241.8437411,161.7102654,10330.4139,13503.54384,2457.989267,1971.362727,2255.894819,793.4187428,435.3547606,1982.113068,946.0248052,4781.024937,785.7920082,4693.705385,2486.922773,-15.29656267,-83.89900439,106401.001,118422.7436,36851.96452,106855.347,92390.9009,316938.2723,9412.93025,7022.414888,12918.87391,8559.331411,22709.45432,8665.918031,22379.91433,9582.781388,2880.386241,18326.84531,5470.734014,5400.064614,3442.181187,2845.826429,30338.9214,2415.975968,4442.925628,560.9612163
492.360.R3.1,492,,1,360,1,4823.050931,484634.9272,633222.93,596931.5014,2502745.912,1155579.741,850832.1655,111057.4423,456257.9431,344753.7359,864303.6919,33349.97841,1229909.913,319832.8279,444224.0233,151092.9676,287023.2067,354330.791,83507.71186,54157.20344,402922.0276,398573.3479,119060.0248,235167.7604,50420.08009,203649.7798,994539.7281,61076.82923,67730.69749,214385.8898,161571.72,238088.4439,331620.4047,335995.4115,197455.7452,84853.16091,267525.8638,81359.32437,632535.2547,551501.464,3165288.707,34359.90507,113003.0484,429.8264937,3488.472672,469.989628,11521.5235,29078.22335,4421.52944,5512.66684,416.0393195,-233.1348316,42.96204512,5132.038849,-157.6478787,-396.2202161,-39.25576142,-327.3018568,-569.3442291,-126.5931609,482.8007699,99493.8998,169745.2348,52918.13957,133598.2247,95291.98649,410326.714,9155.022362,8170.438456,18974.99782,12198.37139,15604.76979,9248.573794,37157.53893,4647.601252,3779.7807,29521.65049,4126.705028,2849.9286,3618.097535,2278.752734,10195.30696,1358.954788,5066.409356,246.0001669
492.360.R3.2,492,,1,360,2,4594.914887,472397.5975,602401.0719,576685.7506,2385340.957,1114868.114,814556.7112,102025.6216,438534.9376,325180.8569,834379.7951,32011.86826,1185138.378,297820.0437,424883.49,146338.2709,277995.8015,338964.1833,81325.40312,53077.22694,393137.8847,384126.5802,114538.4154,227961.1725,48850.99097,196325.4974,958147.4599,59315.7171,65561.261,206903.129,140335.1051,228090.8513,315773.604,319416.6727,187351.4631,89043.60423,258691.8479,79001.95816,610617.6528,533401.9384,3075304.469,32622.12677,108971.8988,756.4355008,3112.385315,183.3333251,10362.71857,29203.23764,4511.113227,5274.770809,397.1356056,-323.9270344,-2.323856587,4755.628298,-352.9270714,-96.80911129,-25.14420355,-101.5294818,-402.0850365,-189.5735333,458.9148097,96355.49668,163058.7486,50517.52276,128773.1191,92936.23253,392528.3175,9034.449231,9237.239105,18259.69106,12109.17194,14951.74635,8005.768018,35060.03475,4567.678155,3546.239613,28612.55625,4265.7105,2760.240621,3426.72836,2327.577332,9710.744033,1286.832602,4644.305911,163.7530849
492.360.R3.3,492,,1,360,3,4765.741241,464161.6232,646236.7916,581117.9013,2380672.838,1113417.892,817827.3411,100306.1869,445231.1434,324376.458,814246.3672,30567.15724,1191464.132,342299.4037,457386.2126,145891.6992,275785.7461,341136.7611,80732.82387,52687.41245,383523.77,385301.8633,114380.3072,226485.4243,48635.89514,194573.0557,953963.6405,58699.97567,65054.16423,204237.1366,144866.6027,227586.4929,318112.4318,321420.0995,187753.028,77465.10164,255954.7781,75371.30237,602801.2938,524639.9082,3014544.964,33229.40501,107793.159,591.5480736,3086.606102,448.8748685,13661.6723,22263.48545,4011.809032,5190.685217,325.2035331,-224.537765,-71.83727228,4459.853209,-208.5881013,30.97689588,-62.18654794,58.55796115,-522.6266291,-111.0793911,497.9839316,93968.44046,161900.2059,51273.242,126651.9903,91375.24944,391621.5677,8387.969578,10558.76547,16203.61973,8809.25101,13686.77277,7632.584044,35487.86788,4292.631493,3149.553057,29194.13095,3684.139185,2628.613153,3053.461755,2111.612508,9299.549029,1175.283888,4819.425348,137.3515936
492.360.R3.4,492,,1,360,4,4183.698877,423706.0724,580835.7684,528755.8328,2154092.735,1010574.574,736917.3264,86639.15354,401203.7799,285279.0338,742553.5607,27673.96216,1083932.978,299523.5588,413115.8559,133001.3741,250723.752,312185.8011,72943.949,47116.79893,345840.0322,348943.6901,103708.0243,205552.6461,44644.10052,176001.9289,869415.1739,54417.7768,59520.9513,186032.586,153930.5158,204145.3607,287057.7457,289507.3001,170960.7273,76279.09438,231854.4361,66048.38399,546104.1754,475365.7762,2746550.823,29970.75705,98145.92929,731.0557026,2817.540884,335.5550384,11942.29579,21252.09561,3645.97691,4808.542239,279.5854797,48.05981084,28.5582312,4476.510889,337.1622347,-152.1875124,-65.24985824,-121.8315381,-483.3153115,-113.813553,415.8721837,85073.8795,147183.5588,44598.15968,115635.4435,82780.53218,354446.39,7895.806459,8887.716462,16451.58593,12919.687,11025.23112,6709.745867,32252.16664,3855.065057,2527.726296,26921.10865,3208.709193,2412.377424,2716.505432,1981.487657,8560.336985,994.251477,4009.370912,204.1671595
492.361.R3.1,492,,1,361,1,4513.590306,502794.4212,617130.1776,658440.9407,2362788.115,1006795.482,679290.9944,110663.2421,353655.4409,342740.0286,1400276.372,35090.60534,1024625.72,296196.6519,498894.2581,141688.9868,274827.4611,298778.4244,83942.16761,52780.78637,424638.6464,375998.0942,101903.5053,226785.7545,46965.81968,198199.7396,916838.6388,56919.20266,58320.6529,84294.81558,130807.0542,180903.8411,248439.7196,251234.2825,162736.852,69979.49392,252279.4555,126390.8082,701244.659,533591.9198,3325730.487,13837.05137,2063.968309,1404.988287,415.4548376,4.786307617,10985.58784,15849.56545,3052.14558,2445.579499,2527.247724,1125.852192,427.1794874,2327.448231,1230.01506,4996.70924,696.3920134,4843.289278,2369.132315,-56.88226018,-61.65264714,121465.3691,138618.1967,44399.98207,121477.7233,104396.824,363043.4477,10699.28313,8191.474403,12710.44265,10054.64528,64637.03332,7982.655494,27442.4168,5199.523347,3774.916038,22720.21164,6217.349972,6142.707182,4515.434471,3562.410167,35713.71848,2353.722361,5440.449722,557.2150727
492.361.R3.2,492,,1,361,2,4018.99695,443679.8941,552002.8539,583225.5906,2104522.594,894181.0769,607973.9889,94409.94626,322802.4963,304204.1216,1243108.304,32756.22741,910077.4267,262313.0759,450447.445,126056.2462,244985.957,269225.7737,74022.18377,46714.8625,360539.7398,333054.1373,91089.13574,201022.7288,42853.05302,175062.275,817643.64,51518.48505,54123.65943,72905.989,110888.9121,157514.7615,218837.4258,221326.7746,145201.5499,69746.75338,221579.6395,125300.7286,614908.2576,468550.6282,2882657.815,12209.11617,1691.733262,1424.869111,599.6265748,-46.18254988,9810.716988,13810.23032,2722.431895,2223.982846,2263.580821,1176.941545,379.069636,1878.306371,1268.269417,4356.243813,646.7084659,4226.330161,2364.062433,-84.49414672,-6.389350233,105918.292,121433.4337,37362.95462,107174.7482,92589.08161,321898.6461,9418.268425,7207.873493,15972.40893,8933.375874,20932.40424,7687.712929,26128.76008,5127.074933,2895.336606,19794.35756,5327.08253,5256.392877,3530.21475,3222.743511,30925.15866,2202.203942,4430.721167,434.6686391
492.361.R3.3,492,,1,361,3,4950.933906,555654.7691,683705.0895,727370.716,2636850.574,1129582.307,753352.7261,125060.6076,387991.9301,369115.5176,1550698.53,42321.84705,1129984.401,326978.8038,544366.4423,157005.511,305577.381,336494.853,93198.14931,59312.80691,497885.9942,415583.0236,113585.6959,252402.4033,53437.3626,219730.3889,1017422.166,69158.78586,61347.89752,95369.50426,146953.1514,202937.2673,276291.0773,279839.3967,182667.1512,70435.20828,283487.3948,127598.4041,783652.1574,598483.9999,3639953.456,14993.17126,869.5032355,1458.932407,403.8834645,43.1603875,12161.75332,17710.94013,3466.460827,2815.804949,2884.634897,1262.646354,486.1843865,2467.499803,1449.91623,5448.81689,830.4903114,5223.908851,2556.996869,-108.3177222,-92.31701787,136601.1589,156290.7648,50253.20248,137522.135,115649.1185,404039.3542,12015.13483,9192.775167,15337.23939,12241.53789,16874.02367,9840.861346,31306.73755,6050.090863,4552.248157,24847.7766,6759.401479,7053.581828,5736.830865,4053.191679,38481.00901,2572.369919,6124.884728,819.0919328
492.361.R3.4,492,,1,361,4,4282.549289,473674.2895,586088.5018,620283.2582,2232798.422,950119.8538,643001.3459,100903.6541,338315.0051,319951.2905,1322716.091,33126.63938,967946.1554,279729.1279,477148.5977,134209.4683,260338.4803,285045.6378,78946.87994,49996.76625,386529.061,355103.3019,96154.20377,214586.5072,45151.26678,186975.0348,867497.3479,54470.68405,56618.68194,77961.98323,106268.6484,168628.582,232849.7472,235726.1121,153749.4154,70325.261,236277.2269,128907.4938,658137.6676,501578.2966,3080221.276,13029.94207,1744.570843,1253.26748,384.2090951,180.7937598,10461.90779,14878.13077,2861.375023,2442.351133,2404.075728,1075.174205,418.5506132,2093.797426,1206.9365,4455.895448,614.9099231,4370.492553,2271.394247,-82.86809615,-6.43954679,113945.2716,130617.4848,40084.03913,113869.3233,98357.36628,342011.5687,10074.71557,7691.409972,14561.52123,11966.08518,14412.46624,7563.315508,25905.47534,6687.1421,4601.86248,26393.41669,5572.652295,5811.12186,4108.704269,3362.869753,33109.08938,2467.663138,4858.782911,854.3937607
492.492.R3.1,492,,1,492,1,5735.311557,498344.5561,965254.5583,762526.0874,2302012.347,1028639.877,659483.5014,102326.9108,362090.2191,333051.6117,410140.3987,28058.90883,1041679.788,588608.5511,342239.841,144926.3207,276880.2855,294668.269,81940.87634,50899.44885,405268.5709,400767.5237,100217.8322,221797.622,50135.11167,182432.1436,899980.1438,62768.28287,59777.17943,196879.3671,121007.2807,161426.062,252185.3113,254828.177,162604.0429,63155.39719,246703.5349,46748.40723,691290.732,478589.5027,3075119.158,8768.285155,104317.5082,86.56221562,-191.7522497,-510.4054223,14282.42423,12238.86639,3939.783461,4554.162653,651.7321077,-202.5352746,331.5801787,4619.117782,-114.132512,863.9056344,49.41034223,917.8642742,-492.1294742,-96.0509689,29.55814263,113560.1497,131159.5986,44210.60331,118540.4424,91541.69953,350516.7853,9713.357517,7375.685274,16534.5615,11519.3431,15867.38586,7421.185357,35515.33577,4399.520933,3243.130632,29583.48612,4042.944572,2609.182224,2894.557253,2091.898145,6426.407284,1107.588356,1940.118104,2192.14286
492.492.R3.2,492,,1,492,2,5975.871755,522292.2759,1017676.237,795123.331,2439895.718,1091031.237,698861.0962,108784.388,389882.7916,352797.6648,434824.0089,29659.71833,1099821.818,628334.9268,359266.9714,151520.992,290733.3619,311289.0346,87479.10334,54683.03363,431720.4185,423538.6215,106659.792,232788.8667,51882.82972,193422.3155,947211.0929,65490.9307,62571.09441,207511.5679,144661.8572,171563.6684,266077.8033,269073.178,172164.38,66713.86283,259927.5534,52694.89919,729201.8387,505277.8157,3225251.981,9342.551368,109837.3152,571.393766,-119.9495228,-491.1779021,15090.07782,12983.26594,4128.530423,4804.389607,625.5683138,102.1359659,375.2367296,5022.363994,198.4158856,857.255162,42.66808259,871.2487237,-552.6582936,-149.2564662,17.2460602,120181.1359,138753.3322,46159.75818,123692.2715,96144.32154,370979.7009,9908.345692,9529.196815,15944.80444,12259.46853,19839.09156,8345.5625,37865.66035,4653.480308,3951.322541,30618.33402,4318.521921,2939.664619,3110.046233,2215.401444,6619.850389,1151.969071,2320.687306,2357.079237
492.492.R3.3,492,,1,492,3,5588.694958,474947.0384,937945.4991,734259.9577,2265897.073,1015336.826,650077.4947,101438.6908,363240.9691,324665.6219,400482.2593,27274.86183,1022620.603,576841.4435,334166.3966,140421.5031,268070.4013,288698.5417,80570.35741,50400.02215,395021.3298,391109.6079,98325.89123,214467.6879,48383.34814,177104.8327,875605.4239,60454.44186,58005.01782,189826.3299,113715.4162,156295.6692,246238.9849,248824.5177,159163.868,61151.87779,241550.4189,45117.14353,671459.664,461897.0079,2967991.171,8310.843736,100825.7545,615.2111091,-155.1405494,-280.7233877,14017.69926,11669.77829,3800.678859,4496.616117,674.1580549,26.37475891,336.2173224,4595.128051,178.2634008,932.1999498,21.89200554,965.9999734,-588.9680282,-104.719662,9.141870299,109282.7318,127273.11,42940.21762,113941.6696,89448.02775,344142.1401,9300.509491,6757.677047,15298.69418,11476.66366,15061.55759,7208.075944,34483.81865,4064.821787,3001.930281,29193.5816,3998.845677,2381.35026,2553.898355,2105.535964,6061.496232,1034.337941,2256.720702,2215.000847
492.492.R3.4,492,,1,492,4,6317.142069,546861.4544,1072939.145,850635.1393,2612296.687,1173697.912,741196.607,126302.006,413482.6487,385317.8002,461690.6851,33315.2126,1156525.606,669742.4411,384407.4827,159608.6522,308322.0901,327506.6615,93408.73787,58056.20159,463540.0496,448915.1134,112945.8966,246658.7151,54545.36949,206314.5954,1004120.832,69201.74194,65751.02771,219904.219,145730.5008,182865.3716,284430.4666,287891.466,183278.9221,68398.45651,275880.8664,59908.14231,779340.141,537005.9779,3432529.456,9858.121317,116145.7516,254.6400122,-195.5323561,-661.4601954,16048.45327,13436.56503,4406.46185,5023.44628,707.3247805,-41.91720936,405.2844227,5200.096638,80.89589756,317.2213924,32.57059263,371.0260458,-776.6449162,-134.6975458,-42.88650562,128433.1828,148429.0693,47150.42238,131854.906,102007.7605,395584.7036,10438.0988,8207.656655,15994.07716,15140.73227,22313.56726,11550.39055,40736.98264,5133.604661,5230.21542,30072.68087,5157.610138,3033.504294,3510.703977,2263.758674,7153.048818,1057.543527,2848.351117,2557.149749
492.500.R3.1,492,,1,500,1,4617.045057,462036.6482,726447.2224,660815.0326,2118836.543,942200.3576,615154.8574,91669.96122,316790.4057,293415.0383,391622.7578,32579.55359,912227.4722,378472.2017,352050.3848,129112.4631,249205.7983,267910.7884,78489.98407,48042.88584,342439.413,346534.1593,90432.86454,210942.314,47187.08071,171433.3365,832572.1399,59075.40315,58218.32507,206824.5112,114435.89,156736.5109,220496.8516,222061.1419,145010.3479,89051.20382,250409.3452,54630.53126,656156.3259,485578.5225,3055712.081,10452.74562,101280.125,13495.04721,286.2031655,6548.315986,10624.44421,25325.0114,4641.211642,2392.248723,2564.920998,8753.350765,519.1555147,3983.408873,15092.65498,9040.786485,496.1319805,8811.807032,1897.254823,-38.50064082,-29.31435052,110392.0972,111586.7129,23455.62235,113111.4078,95068.74427,322444.8575,23563.02603,8550.915181,14072.88165,10105.11896,29240.03055,11835.99864,6800.160866,9079.995406,4496.002821,4491.193156,5890.336647,4353.813371,13979.54907,3260.913333,21421.1476,925.7290894,3783.899569,132.0827599
492.500.R3.2,492,,1,500,2,5201.964066,510469.9445,802446.376,727651.1731,2359532.388,1041024.242,687685.9179,108334.6919,354609.6638,327464.9726,438385.6549,38480.92428,1007270.379,428879.7333,393121.2434,143100.1659,276409.8388,295269.0277,87811.92518,54166.50316,383229.8389,384965.4925,98379.23047,235013.7405,54339.25571,190763.7663,921633.0396,65205.63779,64415.08308,229679.0589,123577.4288,176246.2628,245254.6707,247509.7959,162075.1752,101782.3665,278861.9826,53900.27752,728466.8057,541014.0722,3395304.889,11117.30303,112460.7534,15277.67613,334.069211,6958.636395,11874.90703,27820.56104,4643.602681,2625.516367,2782.189567,9774.675471,567.8441641,4511.06233,16881.10582,9933.72199,505.4797006,9690.315864,2049.887226,-65.2647301,-53.72866161,123566.9114,124863.6199,26997.74736,124349.4087,104939.1473,358934.079,26328.9703,8239.476288,15520.24703,11162.10973,12932.97873,13227.54093,7531.224208,10231.07818,3978.058464,5193.139869,5623.641865,5033.83236,16115.17245,3690.509739,24059.1554,1037.210562,4484.049263,-325.5711798
492.500.R3.3,492,,1,500,3,6877.843898,594024.4419,1218595.675,911967.354,2774559.669,1243762.159,809704.8499,130136.7777,397350.062,394398.2278,491389.4716,36424.1622,1218623.33,765424.7064,509460.4802,167036.7075,324439.605,343883.6125,104405.1918,61596.34023,468368.0099,470942.3258,119149.7656,267010.2458,59234.96291,224670.3853,1071358.936,72828.71909,70104.18003,236230.3736,145927.3661,202822.4268,302422.7226,306032.1012,195470.7783,75832.57471,297813.484,63975.23549,825040.2101,585578.322,3719598.684,10729.02888,122503.2781,166.5786441,-290.8900771,-1096.57741,16314.3486,20060.34991,6337.426316,6941.413133,1334.084743,306.6530735,584.7005234,6044.234236,738.0639612,-80.72072601,91.92174693,12.61650182,-852.9586225,492.5736302,31.29823062,139458.874,151874.0366,24930.89245,141719.5734,110010.5787,417422.5828,26952.91217,9674.19573,21444.25323,18089.76082,15255.76226,30727.88329,20834.43638,26277.22436,3323.08662,13610.39667,4047.90447,3247.071311,4224.339595,2650.335868,25341.68105,1191.023518,5368.088334,391.9722983
492.500.R3.4,492,,1,500,4,6401.148619,531091.0293,1086138.087,817876.6364,2475932.836,1113859.398,725050.7165,114305.7798,373370.5141,361056.2642,439904.9703,31998.78776,1094790.428,677249.8903,468612.6863,150331.6105,289698.5388,307282.8321,92913.22551,57749.60508,417325.982,417942.878,106141.2097,239354.5339,53132.37992,199575.2953,959400.644,65152.05814,63134.47311,209660.2373,150123.0031,177191.9231,268202.5701,271070.3426,174089.1556,69304.08509,266055.7537,52342.29699,733238.15,521207.759,3317455.349,9810.116845,109277.7718,135.4537575,-348.6455313,-871.8289956,14266.45535,18179.33808,5545.554502,6069.398699,1318.845236,181.5567734,523.5110111,5298.200633,477.4464392,-2.00287455,33.40899305,46.96628202,-468.4340491,428.341483,65.75018721,123376.0615,133728.0238,29339.1982,128313.8504,99964.98145,371673.7485,24363.97719,10029.91446,17008.29646,16979.26364,25662.72954,28054.93045,17799.06683,23303.32263,2632.809487,12803.09379,3708.745268,2693.988363,3520.985672,2537.91814,22401.68815,1134.009392,4615.432212,228.6094822
492.502.R3.1,492,,1,502,1,4906.889988,522166.2878,652245.2661,693154.6084,2381417.913,1028198.739,653114.7999,114497.7748,320841.5848,338735.6952,464402.7519,40195.48083,1015365.14,315656.1183,651520.8826,144300.4704,280794.4749,307505.9194,85646.08007,55842.17453,437328.4768,941496.4923,103669.2673,229512.4583,51254.2445,195457.5967,930494.4256,61570.01647,62414.40612,133939.9641,116867.7504,174478.4669,246716.7987,249868.4348,160007.1541,83221.53936,263359.1388,58982.18755,755054.3469,553768.4557,3446831.326,11440.04005,33591.34945,11758.67046,596.0443047,17325.74139,10666.77759,26366.81139,3509.909034,2393.563687,2880.622206,5340.28025,592.7615719,4405.473871,8701.909656,13403.1986,1183.481105,13067.45117,2961.624858,-73.1958453,-60.86702753,125760.7586,138357.3569,44170.51718,125971.4213,109076.606,365450.4633,10729.28424,8461.453767,13183.39463,10544.58676,27955.18415,10211.85906,11735.8581,7696.169841,3984.68327,6907.661719,7545.714818,6559.715521,10803.62288,3768.09912,8873.960738,2543.564487,4982.050059,781.4605743
492.502.R3.2,492,,1,502,2,4484.720631,493406.5072,619468.6382,656218.0935,2276838.938,977733.8431,630259.6848,104367.7438,305790.7002,311838.5763,441807.2514,39591.03038,977816.4327,301365.4775,631889.1913,137601.8463,267048.094,296459.0533,81957.94254,51033.7414,421754.0672,902189.7507,100064.8938,218326.747,49717.93719,185596.2119,889083.7162,57602.7685,60057.21757,127941.1884,116520.9061,167438.1754,235577.381,238269.4422,155710.423,83655.49319,252005.2367,56352.31204,715109.4136,524369.205,3265864.045,11325.04909,32212.46825,11560.37739,586.8137909,18414.25518,10624.3132,23730.05957,3340.403175,2289.95277,2769.702708,4617.375213,613.1856436,4202.18781,7329.769744,12716.27268,1151.832278,12406.4495,2768.065476,56.92931931,-68.62796235,119068.5061,132233.6548,40623.60999,118717.655,103617.4229,350174.0474,10124.32253,8009.984857,20331.2354,9819.8871,30280.95792,12864.20577,9146.368707,13772.02853,3731.789446,6268.440626,7392.869738,6174.638571,9572.590972,3619.957593,8578.251227,2265.788076,4935.14108,464.1276261
492.502.R3.3,492,,1,502,3,5028.801574,505086.6858,726234.7507,698340.2749,2341111.288,1015763.35,645691.3237,110805.8885,319241.9828,323318.129,454792.448,37847.86159,1001630.029,388405.4434,654426.9024,140596.5699,273580.9818,298138.8419,83643.21903,53276.03665,422994.1886,916198.8219,101237.4726,221312.9526,49496.87512,189334.0098,907581.2399,58002.6867,58956.3665,123617.7684,113107.1579,170557.1035,243336.5949,246348.5585,155298.7999,65780.67505,254257.5181,56174.75765,722946.0433,535094.2751,3298897.885,11212.51292,30466.7527,9208.877187,330.9181225,10949.57357,10991.40411,31204.68361,5213.195959,2845.987698,2610.264864,3727.147731,542.1734123,7902.986726,6349.748015,5211.721893,790.8933479,5034.196389,-10.08901259,-150.2225913,-122.3094717,121632.7578,133356.1951,43045.30436,120772.5297,105074.6973,355717.6616,10397.17431,8124.070331,20412.00442,9783.654397,21888.80841,11851.02114,13999.90934,9032.788467,3805.652144,8835.761552,9063.48242,3809.664972,12372.93812,3435.796233,7806.486351,1842.366287,4860.406618,428.8165381
492.502.R3.4,492,,1,502,4,4518.617264,464590.7317,665701.4528,642447.6442,2137462.055,924423.201,593171.4753,98626.49242,293569.0359,294235.4897,412509.2979,36739.482,919637.0876,350508.525,613968.1463,129878.5669,251767.8892,276332.106,76209.59509,47891.89861,377337.01,841967.8946,92963.13694,203996.8761,46429.53259,172636.09,834150.2207,56874.52638,54870.31358,113733.7193,107463.9288,155159.4913,222529.1979,224906.079,145081.4417,66110.70882,235343.967,52454.92861,658533.4085,485345.2788,3030599.338,10760.08395,27894.56242,8525.361484,259.524622,11794.4512,10342.99819,27071.59161,4924.855613,2544.656851,2396.765788,3249.54405,562.0010591,7189.517946,5314.550416,4932.383099,698.4117572,4747.372503,161.8801257,-113.8551261,15.19856084,110941.9354,121863.8502,38189.89567,111504.4223,96031.49872,325682.9742,9389.869395,7611.057073,14941.57338,10292.05889,24662.03583,10492.74129,18619.72121,8039.890885,3359.980068,7461.023833,8654.150075,3687.392479,10620.71837,3277.232973,7333.734643,1848.542548,4562.575612,619.861701
492.R3.1,492,4,0,0,1,4750.566701,419577.8109,796985.876,631135.0523,1885089.782,836007.3604,536215.8103,75087.15408,151659.8586,322565.0774,333565.1964,23683.27202,849870.5354,468420.5622,267409.0826,118560.8471,225856.7665,240826.4614,65393.17225,35808.47817,319500.935,319807.6088,81626.20291,179071.6026,39829.0188,147263.4013,734793.4459,51949.28855,48614.32097,160195.7181,90813.54527,127165.986,203936.0291,205698.3033,136267.3044,52858.12013,205445.4287,44473.66527,557270.8434,390169.4936,2520016.055,7789.974765,84813.76483,324.1070348,-285.5044576,-350.1591608,10974.69925,11039.27453,3355.641075,3653.524136,706.4796054,100.9314041,267.3192577,3197.708825,258.4594308,199.832615,58.79960504,223.9798793,-307.1442755,-98.28757645,83.11174755,92850.72996,102926.2918,38099.56826,99406.09465,77373.77867,284062.0574,9389.063347,7237.840766,11370.79533,9066.132264,11732.89448,5843.873898,28163.86835,3345.662535,2221.499199,24037.63148,3181.195839,1883.575174,2154.082168,1855.748007,4875.125196,622.1064245,1782.07344,1816.031318
492.R3.2,492,4,0,0,2,5052.998354,431975.1144,830543.6035,654642.0821,1962100.824,887994.5376,560260.7141,78970.18175,158641.7252,336325.8433,348135.0899,23969.69232,887188.7736,489904.3133,278754.0454,123329.8753,235540.6793,251555.9166,69294.32658,37211.93409,335394.6742,333998.6823,84653.57678,187407.5721,41571.32653,153264.346,765392.3575,53221.51849,50371.38332,166792.785,108049.4622,133458.5352,212132.8545,214110.3131,143083.8444,56083.25669,215445.661,45632.11773,582433.26,405560.7018,2633058.679,8052.777975,88158.46743,295.1709589,-123.2352029,-246.50476,11445.64096,11150.26388,3480.806238,3808.96179,714.9872762,105.0656424,402.0018632,3582.237942,369.2463548,679.8221613,35.38073074,609.1751691,-403.2045839,-109.957958,26.63765836,96174.9164,107205.4939,37718.39375,101841.325,80438.43236,297807.733,9974.198959,7078.070945,16574.17373,21876.64657,11803.4749,6062.035221,29063.598,3414.721396,2302.166212,25142.18896,3248.265369,1957.4948,2248.258041,1812.115997,4854.934211,771.7210474,2029.547309,1871.113858
492.R3.3,492,4,0,0,3,5038.556407,445361.0698,849213.9178,669155.6329,2000912.979,892435.3343,569511.0901,79290.25848,164269.4055,343240.7795,355678.3299,25141.58787,903592.2639,498856.6138,284403.7787,126076.7922,240039.4888,256819.6098,70427.48992,38226.92101,341522.272,340488.4357,86159.76194,190593.6884,42624.43019,156531.157,781231.665,55177.51419,51613.82807,170498.6179,105123.4174,136384.8494,216457.4353,218644.0178,144947.5672,58581.28368,219542.1466,45943.90553,593160.5306,414739.5864,2679341.338,8112.489108,90180.3865,252.7208918,-167.1880784,-558.2235057,11687.03388,11210.30174,3508.078695,3781.925774,695.4698136,109.6765514,384.350061,3411.284194,305.2853111,128.2835193,68.48334322,143.8477873,-559.2836336,-84.42151021,42.64080382,98901.57624,109618.8929,37092.71203,104932.937,81761.3261,302658.0408,10412.64919,6838.665937,16176.56163,17528.76889,11765.7632,6426.439522,29721.84629,3651.392887,2386.224017,25869.40746,3277.070747,2054.906639,2356.41583,1997.749682,4934.897848,700.8723188,1883.0869,1913.066141
492.R3.4,492,4,0,0,4,4353.348003,396061.9316,756467.4121,601357.9308,1786166.892,810487.1094,507387.1295,73481.32955,141904.0876,306232.7749,313945.0405,22644.52154,808790.6814,444706.5805,253395.2506,111907.0481,214726.2428,225876.862,62659.62848,33586.58971,302477.1322,304414.0669,77394.76937,171866.3521,37469.79721,139843.0929,697510.1186,48486.21888,45974.29721,151896.2588,103155.3549,120720.6749,191733.158,193446.9892,128715.5427,50553.80937,196171.7656,41441.22785,531539.723,371122.3746,2500896.792,7485.49646,79685.56216,437.108031,-82.87274837,-309.2410308,10231.7057,10254.43894,3085.193698,3320.510865,612.4850711,-223.7148621,320.3507236,2961.660552,-156.2329336,530.6799133,42.94115488,511.7777145,-412.9423469,-101.8515778,33.94023814,87741.34978,97592.50932,36756.32103,93513.56215,72894.8594,270312.5472,7937.622638,7333.440513,25535.38862,17367.25274,9071.055034,5476.539866,26630.96554,2977.990418,2001.995805,22144.87673,2963.125029,1802.683746,2217.509153,1915.244829,4585.353909,762.2519746,1724.364399,1597.996524
500.R3.1,500,5,0,0,1,4024.623658,396023.0355,617889.7683,564862.9312,1795519.916,800068.8547,515152.3007,73718.08756,197334.0841,300112.6757,327690.797,26928.94494,773081.7719,313648.2486,284039.6964,108940.7291,211734.4644,227345.7445,66046.35071,39171.96633,282580.3326,292200.2848,76627.01247,178309.0296,38369.67514,144973.7398,705954.1558,49400.47175,48779.30721,172526.3768,90482.81274,129231.1456,184328.2864,186001.1408,126223.9417,75527.2171,212679.3804,42902.38076,553481.7828,407018.1675,2584147.591,8438.661751,85517.12064,11355.12103,268.347603,3756.12602,9087.38192,18604.11034,2972.310858,1643.287688,2180.831652,6815.346657,408.4083886,2831.765426,11693.75973,9224.456283,239.4524004,9012.565508,2690.57455,-32.33975342,-29.11043235,93301.57502,92723.20249,19009.54967,97698.12432,82062.14708,271747.8055,19443.86405,8105.870996,17774.80713,10720.74881,9725.279096,8918.25962,5548.024845,6666.42205,4765.956554,3875.617124,5476.845473,4552.215315,10355.98716,2420.773909,17602.13221,539.4077479,3223.984572,-82.76289507
500.R3.2,500,5,0,0,2,4021.260479,391403.0959,612243.5514,560362.7513,1793461.073,803913.3257,516888.3067,76655.19274,194085.4474,305072.5039,325741.4998,26588.40885,767842.2855,313297.5323,281217.3105,108074.6012,210911.6888,221587.1751,66322.46588,39376.54478,283132.1125,290883.2206,76171.53129,177788.4623,37932.69504,144295.1926,700449.3497,48857.23563,48531.64385,171443.8553,86900.31513,128517.0123,181573.4769,183733.3134,126349.6676,75524.64206,211773.7753,42480.74787,552330.8395,405645.3116,2580425.271,9005.825812,84341.01179,11541.13774,317.038991,3636.891269,8881.620637,18861.94513,2994.946368,1602.672481,2232.088566,7024.779425,421.1837678,2743.764064,11838.65487,9149.582548,293.9838121,8934.758911,2593.667589,-113.982775,-23.62512916,92836.60814,92843.60107,18977.30062,96421.51947,81907.57854,271408.7306,19239.23411,7998.009502,11619.50669,10344.4844,18835.22533,8717.349312,5639.579962,6524.006907,5287.890639,3812.993565,5492.288865,4380.72346,10443.08567,2371.623209,17352.61524,651.4555015,3208.516032,41.76381959
500.R3.3,500,5,0,0,3,4917.335288,493987.3211,765344.5421,692824.6748,2218732.599,981822.6985,645766.6029,94508.23772,242490.5247,363549.9391,409914.0019,35179.19575,948720.0283,397179.9608,349945.2421,135628.7159,262183.7256,279594.9541,83099.36275,49236.19841,365096.6915,361539.6352,93836.63302,221334.2478,49458.76276,180426.9174,868182.4218,61763.15021,60402.11986,215967.9193,106507.8293,162675.5015,230005.0964,231594.2482,156207.8462,97064.17322,262596.3699,54936.04426,687459.4703,510617.1331,3219115.531,10686.69123,106285.9436,14545.52546,428.3129174,4809.252613,11294.7869,23331.88351,3507.733633,2068.448651,2730.880473,8516.87611,559.8584623,3700.175825,14644.16368,11263.55768,422.9175336,11039.63493,3167.498938,8.585955922,10.85378455,117474.2036,116849.3917,25527.70567,119695.2124,101569.9183,337063.6654,25398.21869,8542.949018,13919.65824,10031.24398,23821.1984,11048.60731,6974.757938,8341.920215,3736.084955,5111.863593,5373.928537,5807.590252,13170.89014,3093.51676,21571.63339,937.1466533,4070.646885,33.64098302
500.R3.4,500,5,0,0,4,3917.610032,379720.1194,593858.0325,540939.498,1716459.339,775454.0758,492365.9572,68786.08167,189824.0062,283847.7288,313209.9312,26292.09322,742522.3807,299526.818,272335.2523,104557.5012,203816.9342,219470.0382,63666.78883,37453.88308,272937.0349,280190.1806,73653.27793,171870.1007,36838.71529,139679.2196,678752.8771,46361.10558,46672.03475,165613.2784,78310.43571,124397.6757,176081.4065,177416.4332,120196.6487,72991.42701,203330.1224,38892.11436,531311.9556,391014.4087,2490641.7,8388.118579,81936.39692,11350.76996,240.9230571,3901.107229,8748.910923,17932.28602,2903.299611,1598.926102,2104.163193,6669.58568,440.0773416,2747.628531,11330.77827,8862.051876,364.5717484,8652.488806,2736.555218,31.18704604,-19.76218321,89311.6756,89409.09258,18020.99685,92655.39532,78720.61209,260731.3091,18878.40511,7373.491611,10194.3342,6795.428809,7805.376373,8783.077369,5182.272525,6362.8882,4949.346507,3729.053808,5353.295956,4391.386664,9764.180529,2428.792369,16709.62532,615.1087886,3008.778426,-106.759853
502.R3.1,502,6,0,0,1,4130.579093,453887.8364,568983.3896,602705.9625,2045764.492,885138.7312,566880.3136,92672.29464,198377.1262,341216.5873,388302.6412,35043.65416,869050.6143,271185.0623,553783.3062,125362.8636,244117.8687,260412.1496,72502.59027,42372.25102,362154.4979,811785.4394,88331.83987,197945.317,44966.91101,166615.2193,799607.277,58862.11255,53301.18058,116337.7665,91280.55682,145306.0631,209126.3092,211572.8353,145577.2804,81252.75402,229165.4301,48400.80587,641865.1506,463883.7674,2949846.247,10412.29395,33597.67385,8355.302756,608.0109101,17427.43543,9775.318366,19896.3508,2623.546573,1994.670379,2517.889921,3659.461687,517.5080731,2907.46499,5705.898054,12166.65911,947.4976844,11893.97985,3159.108803,-60.99528563,-46.07019964,108657.5709,114276.5913,36199.79112,109226.4348,93856.0468,313400.5923,9121.048371,7805.405311,11186.32397,9303.771052,19104.2261,12143.07266,7998.299981,7147.045197,3514.177908,5136.230801,7058.881843,5823.389235,6906.051575,3092.198433,7006.412306,1987.540718,4226.815568,449.7864861
502.R3.2,502,6,0,0,2,3867.677885,407300.5961,512633.4598,543625.5571,1831954.87,798380.4296,510580.8527,81703.44813,183703.9182,310255.089,345694.3141,31090.9564,780622.8603,240165.6487,496348.8454,112688.4084,219580.0192,234647.2037,65098.57737,39001.06622,322702.7038,725329.0151,78740.42291,177984.558,41015.38025,149100.6492,718899.7455,53062.43488,48272.97513,103906.4837,87612.76586,128676.5295,187235.9372,188983.7853,130088.4677,72213.27315,205610.8032,38669.02633,572938.8581,415055.3009,2653909.943,9269.528168,30374.77958,7442.569451,383.8497537,14777.79193,8427.350088,18437.19602,2362.161136,1700.357999,2233.25917,3480.493764,495.288434,2676.145654,5527.659652,10668.80913,862.8655305,10454.7597,2608.769784,-33.85556052,-24.76168829,97300.01163,101770.6254,32835.93926,98224.33002,84621.00258,280039.5907,8357.692391,8020.230164,10747.07904,7300.643274,14691.04496,8631.220777,6644.430455,6058.940918,3582.439872,4463.642932,6505.38045,5095.957157,6477.963167,2776.453766,6320.735589,1906.505838,3785.00529,549.0001723
502.R3.3,502,6,0,0,3,3678.062806,384917.3931,486605.352,517780.0875,1754448.6,763012.8753,488739.5197,79860.8731,175180.7101,301378.3652,327455.4432,28901.69194,741917.7003,224151.059,471810.4727,106699.822,208871.4057,222319.2393,61584.96807,37006.06435,296128.8441,686069.038,74516.07347,169513.3778,38929.32285,140761.4354,682842.8887,51350.61341,45917.63598,97972.89645,75369.5548,121365.0716,177439.3841,179424.2376,124105.6888,67574.31271,198777.5578,36786.1163,542287.3602,393164.8276,2511225.203,8869.343453,28591.82576,7100.775211,375.5823747,13782.14762,7869.592896,17914.95657,2133.936845,1591.592177,2237.815252,3538.769756,449.1362944,2422.411298,5558.455052,10403.53686,659.3344463,10155.34291,2676.02919,-62.78052159,-108.0104034,91369.8449,96110.85548,31052.39585,93460.11139,80971.35071,267061.611,7930.509622,6401.704117,11260.88688,7537.920468,11592.4445,7401.51038,6132.292225,5574.648562,3993.593528,4247.949131,6200.733754,4550.257236,6291.460334,2544.003093,5702.12546,1650.27687,3443.563489,457.3548525
502.R3.4,502,6,0,0,4,4004.839664,425957.915,534300.3737,565802.3214,1894314.502,826782.547,528237.075,85171.31229,190244.8342,322961.218,358411.7322,31841.3575,808039.0246,251242.3115,511924.5164,116759.8304,227959.8907,240819.8126,67970.1344,40907.00808,341918.5192,752398.9203,81671.63789,184906.4111,42197.42432,154572.2485,743915.2375,55054.29057,49955.58068,108180.5162,81511.43003,134290.5032,193491.5136,195562.134,134271.1481,74865.2341,213694.8971,40993.23047,595614.827,432741.0564,2753143.683,9270.856234,31367.6254,7700.835172,406.7115467,14140.33396,8504.4867,19651.73407,2506.695225,1781.708664,2356.054515,3953.238212,492.5426402,2771.195901,6428.108968,11090.19583,918.8742667,10841.05455,2907.129925,-16.04539951,3.909789708,100934.2032,105549.8044,33855.13266,101925.4471,88305.75087,289618.6433,8684.095759,8583.94322,11053.84474,8385.380617,15737.66305,8247.098576,7064.608354,5658.852294,3863.800224,4603.975264,6982.870883,5284.788467,7141.830605,2747.486417,6494.863245,1893.577693,3813.227999,297.17215
519.R3.1,519,7,0,0,1,6128.580751,520324.8588,563200.2058,1030177.258,3291728.968,1992021.408,1229349.681,2165228.501,346311.1042,437899.1115,605007.1224,40686.13144,2140486.196,293000.4585,1651854.994,289086.8056,492757.9653,600783.5278,751657.1004,69019.16888,512216.812,949898.556,186339.6697,152968.8552,57332.5817,113595.5162,1485760.541,142560.2717,67122.46601,171217.357,182949.8887,223490.6419,592749.3044,596740.735,264876.3504,90394.66919,279114.6834,137624.5837,778586.0599,561349.2787,3013566.593,6951.235794,2109.120237,2103.06408,-265.3195997,1559.021951,14076.97897,45403.90455,7947.086863,2715.989477,2780.17565,2073.370109,520.6390312,11133.77753,3164.049983,4092.628206,335.1619222,3942.169811,1757.926774,319.1529185,1340.793997,94378.19522,262678.3693,58574.89834,142693.2818,126433.6816,649142.1347,15502.82696,9551.300155,39887.71877,15646.58013,14663.74764,6029.075681,27769.10049,3912.280409,2609.064322,23165.4624,10554.21844,3453.060018,8506.355677,2377.979161,66097.48584,595.3806768,2506.033469,2328.567577
519.R3.2,519,7,0,0,2,2920.068039,251410.6539,272897.5621,498691.646,1573574.399,969313.1077,589052.4604,1045474.142,169602.3853,213847.1243,293531.3465,18942.56445,1036097.919,143802.4367,797459.858,139713.4143,238947.2352,288478.512,363588.0128,34005.59379,250104.6126,460270.8056,89452.82131,75087.03241,27645.49916,55437.7933,723432.9652,68503.62268,32680.45751,83532.01358,92948.22616,108525.0838,286240.1231,287982.2533,127715.7107,43608.12757,135430.0086,65153.32263,379693.0874,272887.1647,1469862.132,3309.381522,423.0630478,980.608571,5.315142009,622.8063522,6696.393849,22187.95456,3839.661085,1270.002901,1368.995256,889.5658732,277.334295,5429.300583,1504.763189,1825.634495,143.7905891,1786.317316,1024.275711,187.9397713,593.661184,45786.83997,127350.2001,28390.36186,68455.68838,61545.63397,312307.5828,7521.814143,4663.059476,20005.18013,7805.577808,7132.501955,2998.603368,13459.06899,1763.77456,1245.553428,11171.1469,5060.112134,1692.467601,4092.660004,1201.617225,31640.81772,226.4567081,1179.695466,1477.758778
519.R3.3,519,7,0,0,3,2971.428608,263226.2055,285413.9724,522741.9673,1660987.787,1020665.539,620983.5073,1100942.38,176564.8891,223928.4539,309064.2009,21001.62784,1089951.552,152742.1429,838612.4864,147186.9477,251820.2064,304245.4335,382490.5804,35839.42711,264323.0393,485812.8426,94304.72046,79387.985,29556.18478,58547.64233,761076.9111,72163.49057,34345.07295,88432.27441,86091.92701,115320.4151,302316.0729,303882.4753,134869.5424,47328.89819,143051.479,70194.83488,400141.4832,288375.7208,1550135.793,3378.715117,1076.35931,1208.8364,-61.79435752,1079.318527,7081.707868,23118.79241,3928.118123,1382.811284,1462.823293,929.3621197,268.3775557,5785.6288,1542.852554,2038.882868,238.9547659,1958.700775,905.3788893,216.0870553,624.7383874,48522.70956,134417.6982,29370.13499,71903.77724,64476.76771,330152.1798,7935.684822,4611.282863,8246.336802,6639.991668,5018.957496,3314.873859,14250.09996,1894.62454,1407.762137,12000.35473,5372.616284,1880.336325,4293.697647,1268.891263,33315.86178,301.3370682,1336.27305,1580.575836
519.R3.4,519,7,0,0,4,3224.379892,277892.445,300875.3072,548569.2446,1740519.571,1063080.306,646887.3617,1136125.054,185691.7735,233863.8328,322756.4381,22026.04708,1138782.546,160522.9534,868546.3691,153031.6069,262153.8103,316026.8732,397113.3435,37841.03776,276364.9244,505467.1938,99140.20809,82808.03087,30587.50906,60285.17403,791459.4291,75013.07224,35289.53154,91771.67024,99724.543,123785.9047,314147.8963,316625.7336,140654.5303,49289.91498,149026.2537,72763.01285,414068.6313,299820.227,1611562.403,3255.603735,755.3272021,1043.083425,-91.79930438,628.1090218,7334.35039,24083.67056,4136.352433,1355.141773,1539.691548,1049.549326,270.975163,6023.043091,1615.278335,2172.864456,215.4535395,2118.631048,795.7097213,272.6806371,628.3643281,50605.64211,140246.3038,31141.07464,75382.9667,66997.04092,343812.6827,7629.194471,4296.990837,8793.937201,4928.460802,13159.48332,3352.579323,14868.43399,1972.765511,1472.859189,12608.78565,5539.738722,1870.901959,4512.940026,1249.877866,34144.07459,300.5747278,1503.968256,1271.688233
BLANK R3.2,0,0,0,0,2,3936.181032,428412.1855,540810.5397,577469.0834,1907823.55,833028.7543,536862.9503,79884.03539,57357.71491,300705.1154,354251.9622,30135.83909,814759.615,241487.8076,301851.3041,118323.7376,230455.7124,240972.7745,67419.13775,34784.03019,317387.5025,310149.6923,81282.85451,187682.9714,41365.8537,153789.3038,747255.9564,55129.2245,51597.87386,187512.1152,104076.477,136714.2279,195497.1129,197117.1138,133400.4647,86278.20187,221695.1101,46422.21815,594063.2152,423120.2057,2778368.113,9327.984477,90972.99506,15876.49913,44.91520519,211.3773554,6779.873917,22673.26277,3090.743789,1690.01967,2210.216464,1105.340733,342.7275574,18067.44303,2070.104737,4346.585773,490.6258119,4216.552013,2738.167003,-52.58166527,10.0026136,101680.7875,101598.8097,34856.14415,103737.2649,87405.53631,289933.7057,10560.59925,7527.310676,24852.6136,10947.75799,15493.31675,4703.83634,5829.170778,3178.622272,1942.455841,4651.59505,17465.27028,4729.775001,15122.8228,2905.28619,7361.595225,1203.083562,2299.277669,1845.39713
BLANK R3.3,0,0,0,0,3,4237.043312,459008.4771,581337.1795,620513.5909,2062447.852,902351.4442,577991.0201,91794.18759,60625.12362,319951.394,380228.7372,33686.15493,867392.8002,263615.7961,324695.6366,127534.0818,248722.5184,259052.2834,72243.33003,37531.69011,337566.4359,333134.4543,86168.37133,203443.7965,45600.82041,165908.4151,803115.6954,59023.91073,55306.77297,201702.7898,91730.10187,147036.5677,210454.6152,212364.7213,144234.3144,91166.0709,239112.7028,48358.5832,641949.533,455513.6213,3030841.708,9399.562033,98223.19432,16808.20453,102.261763,161.9177369,7247.175905,24411.74544,3126.179949,1868.668912,2384.293819,1801.397789,413.8780403,19165.64567,2421.291897,4473.563269,445.7640098,4354.753009,2638.172023,-29.16663774,-21.90879282,110091.9344,110285.2076,36433.08275,111904.5634,92749.97875,312411.9443,11481.28005,7746.010107,18436.35025,14747.13065,16854.4308,5160.619552,6351.700735,3346.51309,2025.009547,4974.061125,17244.03266,5197.000479,16109.2475,3050.522891,7843.681203,1310.177247,1999.593954,1957.432936
BLANK.R3.1,0,0,0,0,1,3526.144524,378606.0249,480741.5008,513886.3542,1684359.16,741609.5516,469945.9667,67728.57043,50224.23625,265286.9006,310050.0176,25830.02885,722512.7468,210326.0263,267354.5563,104124.0035,203888.7301,214075.3136,58818.69384,30539.19768,274106.0892,274458.5126,72311.7451,167139.6074,35584.53151,135992.2785,663690.25,47792.20599,45578.67824,165234.378,89232.83501,120040.9884,172473.8689,173725.3685,117436.3297,73116.50121,197610.3114,41444.02071,525762.3876,373831.8319,2476522.71,7971.458937,80363.26691,13963.96032,-43.78879098,393.73592,5794.138322,19890.97418,2708.471154,1484.614884,1875.78897,1159.729146,304.8665559,16041.34871,1956.198497,3837.766089,347.8534381,3752.330038,2145.176696,-42.55445744,-7.965646469,88958.7198,89332.89577,33976.8152,91956.1938,76284.41662,255916.1901,8032.781707,7673.834828,22179.55121,11929.10429,9492.729379,4094.604526,5021.874628,2475.380589,1527.454838,3629.448115,15681.30479,4169.111224,13603.55343,2473.502471,6559.558356,1027.46853,1433.686294,1760.79448
BLANK.R3.4,0,0,0,0,4,3760.007296,408723.4256,518827.3012,553826.0165,1821115.88,803764.7028,509927.6267,74991.63819,54347.05017,284720.304,335889.377,29191.28122,779212.7363,229015.3845,289323.2223,113012.6369,220912.1113,231898.3571,63554.64664,33106.49845,298037.4681,297117.3652,78075.07361,180736.3266,38766.94889,147278.6054,716758.8001,51713.75888,49154.94796,179186.1464,99856.313,129746.4474,186720.2737,188132.1326,126908.9292,79450.06213,212542.9614,46012.88658,570371.1489,404692.2164,2688804.105,8844.716619,87140.55444,15226.05636,-47.44876463,291.658957,6353.981,21858.47271,2984.767172,1611.287112,2083.571909,1368.134441,428.0840268,17661.80085,2376.820752,4155.223496,415.891665,4076.440517,2464.29022,-3.334504498,52.23827324,96851.78107,97259.42566,36586.75493,98919.35795,83113.81091,277453.7366,9038.230163,7857.210538,21131.7169,12050.21184,9750.296336,4424.445152,5560.485121,2803.041227,1710.826052,4077.296778,16998.58113,4589.020128,14647.85591,2735.031079,7024.036777,1092.989512,2017.616878,1593.010797
