0.13333	0.001	1
0.16667	0.001	1
0.2	0.001	1
0.23333	0.001	1
0.26667	0.001	1
0.3	0.001	1
0.33333	0.001	1
0.36667	0.001	1
0.4	0.001	1
0.43333	0.001	1
0.46667	0.001	1
0.5	0.001	1
0.53333	0.001	1
0.56667	0.001	1
0.6	0.001	1
0.63333	0.001	1
0.66667	0.001	1
0.7	0.001	1
0.73333	0.001	1
0.76667	0.001	1
0.8	0.001	1
0.83333	0.001	1
0.86667	0.001	1
0.9	0.001	1
0.93333	0.001	1
0.96667	0.001	1
1	0.001	1
1.0333	0.001	1
1.0667	0.001	1
1.1	0.001	1
1.1333	0.001	1
1.1667	0.001	1
1.2	0.001	1
1.2333	0.001	1
1.2667	0.001	1
1.3	0.001	1
1.3333	0.001	1
1.3667	0.001	1
1.4	0.001	1
1.4333	0.001	1
1.4667	0.001	1
1.5	0.001	1
1.5333	0.001	1
1.5667	0.001	1
1.6	0.001	1
1.6333	0.001	1
1.6667	0.001	1
1.7	0.001	1
1.7333	0.001	1
1.7667	0.001	1
1.8	0.001	1
1.8333	0.001	1
1.8667	0.001	1
1.9	0.001	1
1.9333	0.001	1
1.9667	0.001	1
2	0.001	1
2.0333	0.001	1
2.0667	0.001	1
2.1	0.001	1
2.1333	0.001	1
2.1667	0.001	1
2.2	0.001	1
2.2333	0.001	1
2.2667	0.001	1
2.3	0.001	1
2.3333	0.001	1
2.3667	0.001	1
2.4	0.001	1
2.4333	0.001	1
2.4667	0.001	1
2.5	0.001	1
2.5333	0.001	1
2.5667	0.001	1
2.6	0.001	1
2.6333	0.001	1
2.6667	0.001	1
2.7	0.001	1
2.7333	0.001	1
2.7667	0.001	1
2.8	0.001	1
2.8333	0.001	1
2.8667	0.001	1
2.9	0.001	1
2.9333	0.001	1
2.9667	0.001	1
3	0.001	1
3.0333	0.001	1
3.0667	0.001	1
3.1	0.001	1
3.1333	0.001	1
3.1667	0.001	1
3.2	0.001	1
3.2333	0.001	1
3.2667	0.001	1
3.3	0.001	1
3.3333	0.001	1
3.3667	0.001	1
3.4	0.001	1
3.4333	0.001	1
3.4667	0.001	1
3.5	0.001	1
3.5333	0.001	1
3.5667	0.001	1
3.6	0.001	1
3.6333	0.001	1
3.6667	0.001	1
3.7	0.001	1
3.7333	0.001	1
3.7667	0.001	1
3.8	0.001	1
3.8333	0.001	1
3.8667	0.001	1
3.9	0.001	1
3.9333	0.001	1
3.9667	0.001	1
4	0.001	1
4.0333	0.001	1
4.0667	0.001	1
4.1	0.001	1
4.1333	0.001	1
4.1667	0.001	1
4.2	0.001	1
4.2333	0.001	1
4.2667	0.001	1
4.3	0.001	1
4.3333	0.001	1
4.3667	0.001	1
4.4	0.001	1
4.4333	0.001	1
4.4667	0.001	1
4.5	0.001	1
4.5333	0.001	1
4.5667	0.001	1
4.6	0.001	1
4.6333	0.001	1
4.6667	0.001	1
4.7	0.001	1
4.7333	0.001	1
4.7667	0.001	1
4.8	0.001	1
4.8333	0.001	1
4.8667	0.001	1
4.9	0.001	1
4.9333	0.001	1
4.9667	0.001	1
5	0.001	1
5.0333	0.001	1
5.0667	0.001	1
5.1	0.001	1
5.1333	0.001	1
5.1667	0.001	1
5.2	0.001	1
5.2333	0.001	1
5.2667	0.001	1
5.3	0.001	1
5.3333	0.001	1
5.3667	0.001	1
5.4	0.001	1
5.4333	0.001	1
5.4667	0.001	1
5.5	0.001	1
5.5333	0.001	1
5.5667	0.001	1
5.6	0.001	1
5.6333	0.001	1
5.6667	0.001	1
5.7	0.001	1
5.7333	0.001	1
5.7667	0.001	1
5.8	0.001	1
5.8333	0.001	1
5.8667	0.001	1
5.9	0.001	1
5.9333	0.001	1
5.9667	0.001	1
6	0.001	1
6.0333	0.001	1
6.0667	0.001	1
6.1	0.001	1
6.1333	0.001	1
6.1667	0.001	1
6.2	0.001	1
6.2333	0.001	1
6.2667	0.001	1
6.3	0.001	1
6.3333	0.001	1
6.3667	0.001	1
6.4	0.001	1
6.4333	0.001	1
6.4667	0.001	1
6.5	0.001	1
6.5333	0.001	1
6.5667	0.001	1
6.6	0.001	1
6.6333	0.001	1
6.6667	0.001	1
6.7	0.001	1
6.7333	0.001	1
6.7667	0.001	1
6.8	0.001	1
6.8333	0.001	1
6.8667	0.001	1
6.9	0.001	1
6.9333	0.001	1
6.9667	0.001	1
7	0.001	1
7.0333	0.001	1
7.0667	0.001	1
7.1	0.001	1
7.1333	0.001	1
7.1667	0.001	1
7.2	0.001	1
7.2333	0.001	1
7.2667	0.001	1
7.3	0.001	1
7.3333	0.001	1
7.3667	0.001	1
7.4	0.001	1
7.4333	0.001	1
7.4667	0.001	1
7.5	0.001	1
7.5333	0.001	1
7.5667	0.001	1
7.6	0.001	1
7.6333	0.001	1
7.6667	0.001	1
7.7	0.001	1
7.7333	0.001	1
7.7667	0.001	1
7.8	0.001	1
7.8333	0.001	1
7.8667	0.001	1
7.9	0.001	1
7.9333	0.001	1
7.9667	0.001	1
8	0.001	1
8.0333	0.001	1
8.0667	0.001	1
8.1	0.001	1
8.1333	0.001	1
8.1667	0.001	1
8.2	0.001	1
8.2333	0.001	1
8.2667	0.001	1
8.3	0.001	1
8.3333	0.001	1
8.3667	0.001	1
8.4	0.001	1
8.4333	0.001	1
8.4667	0.001	1
8.5	0.001	1
8.5333	0.001	1
8.5667	0.001	1
8.6	0.001	1
8.6333	0.001	1
8.6667	0.001	1
8.7	0.001	1
8.7333	0.001	1
8.7667	0.001	1
8.8	0.001	1
8.8333	0.001	1
8.8667	0.001	1
8.9	0.001	1
8.9333	0.001	1
8.9667	0.001	1
9	0.001	1
9.0333	0.001	1
9.0667	0.001	1
9.1	0.001	1
9.1333	0.001	1
9.1667	0.001	1
9.2	0.001	1
9.2333	0.001	1
9.2667	0.001	1
9.3	0.001	1
9.3333	0.001	1
9.3667	0.001	1
9.4	0.001	1
9.4333	0.001	1
9.4667	0.001	1
9.5	0.001	1
9.5333	0.001	1
9.5667	0.001	1
9.6	0.001	1
9.6333	0.001	1
9.6667	0.001	1
9.7	0.001	1
9.7333	0.001	1
9.7667	0.001	1
9.8	0.001	1
9.8333	0.001	1
9.8667	0.001	1
9.9	0.001	1
9.9333	0.001	1
9.9667	0.001	1
10	0.001	1
10.033	0.001	1
10.067	0.001	1
10.1	0.001	1
10.133	0.001	1
10.167	0.001	1
10.2	0.001	1
10.233	0.001	1
10.267	0.001	1
10.3	0.001	1
10.333	0.001	1
10.367	0.001	1
10.4	0.001	1
10.433	0.001	1
10.467	0.001	1
10.5	0.001	1
10.533	0.001	1
10.567	0.001	1
10.6	0.001	1
10.633	0.001	1
10.667	0.001	1
10.7	0.001	1
10.733	0.001	1
10.767	0.001	1
10.8	0.001	1
10.833	0.001	1
10.867	0.001	1
10.9	0.001	1
10.933	0.001	1
10.967	0.001	1
11	0.001	1
11.033	0.001	1
11.067	0.001	1
11.1	0.001	1
11.133	0.001	1
11.167	0.001	1
11.2	0.001	1
11.233	0.001	1
11.267	0.001	1
11.3	0.001	1
11.333	0.001	1
11.367	0.001	1
11.4	0.001	1
11.433	0.001	1
11.467	0.001	1
11.5	0.001	1
11.533	0.001	1
11.567	0.001	1
11.6	0.001	1
11.633	0.001	1
11.667	0.001	1
11.7	0.001	1
11.733	0.001	1
11.767	0.001	1
11.8	0.001	1
11.833	0.001	1
11.867	0.001	1
11.9	0.001	1
11.933	0.001	1
11.967	0.001	1
12	0.001	1
12.033	0.001	1
12.067	0.001	1
12.1	0.001	1
12.133	0.001	1
12.167	0.001	1
12.2	0.001	1
12.233	0.001	1
12.267	0.001	1
12.3	0.001	1
12.333	0.001	1
12.367	0.001	1
12.4	0.001	1
12.433	0.001	1
12.467	0.001	1
12.5	0.001	1
12.533	0.001	1
12.567	0.001	1
12.6	0.001	1
12.633	0.001	1
12.667	0.001	1
12.7	0.001	1
12.733	0.001	1
12.767	0.001	1
12.8	0.001	1
12.833	0.001	1
12.867	0.001	1
12.9	0.001	1
12.933	0.001	1
12.967	0.001	1
13	0.001	1
13.033	0.001	1
13.067	0.001	1
13.1	0.001	1
13.133	0.001	1
13.167	0.001	1
13.2	0.001	1
13.233	0.001	1
13.267	0.001	1
13.3	0.001	1
13.333	0.001	1
13.367	0.001	1
13.4	0.001	1
13.433	0.001	1
13.467	0.001	1
13.5	0.001	1
13.533	0.001	1
13.567	0.001	1
13.6	0.001	1
13.633	0.001	1
13.667	0.001	1
13.7	0.001	1
13.733	0.001	1
13.767	0.001	1
13.8	0.001	1
13.833	0.001	1
13.867	0.001	1
13.9	0.001	1
13.933	0.001	1
13.967	0.001	1
14	0.001	1
14.033	0.001	1
14.067	0.001	1
14.1	0.001	1
14.133	0.001	1
14.167	0.001	1
14.2	0.001	1
14.233	0.001	1
14.267	0.001	1
14.3	0.001	1
14.333	0.001	1
14.367	0.001	1
14.4	0.001	1
14.433	0.001	1
14.467	0.001	1
14.5	0.001	1
14.533	0.001	1
14.567	0.001	1
14.6	0.001	1
14.633	0.001	1
14.667	0.001	1
14.7	0.001	1
14.733	0.001	1
14.767	0.001	1
14.8	0.001	1
14.833	0.001	1
14.867	0.001	1
14.9	0.001	1
14.933	0.001	1
14.967	0.001	1
15	0.001	1
15.033	0.001	1
15.067	0.001	1
15.1	0.001	1
15.133	0.001	1
15.167	0.001	1
15.2	0.001	1
15.233	0.001	1
15.267	0.001	1
15.3	0.001	1
15.333	0.001	1
15.367	0.001	1
15.4	0.001	1
15.433	0.001	1
15.467	0.001	1
15.5	0.001	1
15.533	0.001	1
15.567	0.001	1
15.6	0.001	1
15.633	0.001	1
15.667	0.001	1
15.7	0.001	1
15.733	0.001	1
15.767	0.001	1
15.8	0.001	1
15.833	0.001	1
15.867	0.001	1
15.9	0.001	1
15.933	0.001	1
15.967	0.001	1
16	0.001	1
16.033	0.001	1
16.067	0.001	1
16.1	0.001	1
16.133	0.001	1
16.167	0.001	1
16.2	0.001	1
16.233	0.001	1
16.267	0.001	1
16.3	0.001	1
16.333	0.001	1
16.367	0.001	1
16.4	0.001	1
16.433	0.001	1
16.467	0.001	1
16.5	0.001	1
16.533	0.001	1
16.567	0.001	1
16.6	0.001	1
16.633	0.001	1
16.667	0.001	1
16.7	0.001	1
16.733	0.001	1
16.767	0.001	1
16.8	0.001	1
16.833	0.001	1
16.867	0.001	1
16.9	0.001	1
16.933	0.001	1
16.967	0.001	1
17	0.001	1
17.033	0.001	1
17.067	0.001	1
17.1	0.001	1
17.133	0.001	1
17.167	0.001	1
17.2	0.001	1
17.233	0.001	1
17.267	0.001	1
17.3	0.001	1
17.333	0.001	1
17.367	0.001	1
17.4	0.001	1
17.433	0.001	1
17.467	0.001	1
17.5	0.001	1
17.533	0.001	1
17.567	0.001	1
17.6	0.001	1
17.633	0.001	1
17.667	0.001	1
17.7	0.001	1
17.733	0.001	1
17.767	0.001	1
17.8	0.001	1
17.833	0.001	1
17.867	0.001	1
17.9	0.001	1
17.933	0.001	1
17.967	0.001	1
18	0.001	1
18.033	0.001	1
18.067	0.001	1
18.1	0.001	1
18.133	0.001	1
18.167	0.001	1
18.2	0.001	1
18.233	0.001	1
18.267	0.001	1
18.3	0.001	1
18.333	0.001	1
18.367	0.001	1
18.4	0.001	1
18.433	0.001	1
18.467	0.001	1
18.5	0.001	1
18.533	0.001	1
18.567	0.001	1
18.6	0.001	1
18.633	0.001	1
18.667	0.001	1
18.7	0.001	1
18.733	0.001	1
18.767	0.001	1
18.8	0.001	1
18.833	0.001	1
18.867	0.001	1
18.9	0.001	1
18.933	0.001	1
18.967	0.001	1
19	0.001	1
19.033	0.001	1
19.067	0.001	1
19.1	0.001	1
19.133	0.001	1
19.167	0.001	1
19.2	0.001	1
19.233	0.001	1
19.267	0.001	1
19.3	0.001	1
19.333	0.001	1
19.367	0.001	1
19.4	0.001	1
19.433	0.001	1
19.467	0.001	1
19.5	0.001	1
19.533	0.001	1
19.567	0.001	1
19.6	0.001	1
19.633	0.001	1
19.667	0.001	1
19.7	0.001	1
19.733	0.001	1
19.767	0.001	1
19.8	0.001	1
19.833	0.001	1
19.867	0.001	1
19.9	0.001	1
19.933	0.001	1
19.967	0.001	1
20	0.001	1
20.033	0.001	1
20.067	0.001	1
20.1	0.001	1
20.133	0.001	1
20.167	0.001	1
20.2	0.001	1
20.233	0.001	1
20.267	0.001	1
20.3	0.001	1
20.333	0.001	1
20.367	0.001	1
20.4	0.001	1
20.433	0.001	1
20.467	0.001	1
20.5	0.001	1
20.533	0.001	1
20.567	0.001	1
20.6	0.001	1
20.633	0.001	1
20.667	0.001	1
20.7	0.001	1
20.733	0.001	1
20.767	0.001	1
20.8	0.001	1
20.833	0.001	1
20.867	0.001	1
20.9	0.001	1
20.933	0.001	1
20.967	0.001	1
21	0.001	1
21.033	0.001	1
21.067	0.001	1
21.1	0.001	1
21.133	0.001	1
21.167	0.001	1
21.2	0.001	1
21.233	0.001	1
21.267	0.001	1
21.3	0.001	1
21.333	0.001	1
21.367	0.001	1
21.4	0.001	1
21.433	0.001	1
21.467	0.001	1
21.5	0.001	1
21.533	0.001	1
21.567	0.001	1
21.6	0.001	1
21.633	0.001	1
21.667	0.001	1
21.7	0.001	1
21.733	0.001	1
21.767	0.001	1
21.8	0.001	1
21.833	0.001	1
21.867	0.001	1
21.9	0.001	1
21.933	0.001	1
21.967	0.001	1
22	0.001	1
22.033	0.001	1
22.067	0.001	1
22.1	0.001	1
22.133	0.001	1
22.167	0.001	1
22.2	0.001	1
22.233	0.001	1
22.267	0.001	1
22.3	0.001	1
22.333	0.001	1
22.367	0.001	1
22.4	0.001	1
22.433	0.001	1
22.467	0.001	1
22.5	0.001	1
22.533	0.001	1
22.567	0.001	1
22.6	0.001	1
22.633	0.001	1
22.667	0.001	1
22.7	0.001	1
22.733	0.001	1
22.767	0.001	1
22.8	0.001	1
22.833	0.001	1
22.867	0.001	1
22.9	0.001	1
22.933	0.001	1
22.967	0.001	1
23	0.001	1
23.033	0.001	1
23.067	0.001	1
23.1	0.001	1
23.133	0.001	1
23.167	0.001	1
23.2	0.001	1
23.233	0.001	1
23.267	0.001	1
23.3	0.001	1
23.333	0.001	1
23.367	0.001	1
23.4	0.001	1
23.433	0.001	1
23.467	0.001	1
23.5	0.001	1
23.533	0.001	1
23.567	0.001	1
23.6	0.001	1
23.633	0.001	1
23.667	0.001	1
23.7	0.001	1
23.733	0.001	1
23.767	0.001	1
23.8	0.001	1
23.833	0.001	1
23.867	0.001	1
23.9	0.001	1
23.933	0.001	1
23.967	0.001	1
24	0.001	1
24.033	0.001	1
24.067	0.001	1
24.1	0.001	1
24.133	0.001	1
24.167	0.001	1
24.2	0.001	1
24.233	0.001	1
24.267	0.001	1
24.3	0.001	1
24.333	0.001	1
24.367	0.001	1
24.4	0.001	1
24.433	0.001	1
24.467	0.001	1
24.5	0.001	1
24.533	0.001	1
24.567	0.001	1
24.6	0.001	1
24.633	0.001	1
24.667	0.001	1
24.7	0.001	1
24.733	0.001	1
24.767	0.001	1
24.8	0.001	1
24.833	0.001	1
24.867	0.001	1
24.9	0.001	1
24.933	0.001	1
24.967	0.001	1
25	0.001	1
25.033	0.001	1
25.067	0.001	1
25.1	0.001	1
25.133	0.001	1
25.167	0.001	1
25.2	0.001	1
25.233	0.001	1
25.267	0.001	1
25.3	0.001	1
25.333	0.001	1
25.367	0.001	1
25.4	0.001	1
25.433	0.001	1
25.467	0.001	1
25.5	0.001	1
25.533	0.001	1
25.567	0.001	1
25.6	0.001	1
25.633	0.001	1
25.667	0.001	1
25.7	0.001	1
25.733	0.001	1
25.767	0.001	1
25.8	0.001	1
25.833	0.001	1
25.867	0.001	1
25.9	0.001	1
25.933	0.001	1
25.967	0.001	1
26	0.001	1
26.033	0.001	1
26.067	0.001	1
26.1	0.001	1
26.133	0.001	1
26.167	0.001	1
26.2	0.001	1
26.233	0.001	1
26.267	0.001	1
26.3	0.001	1
26.333	0.001	1
26.367	0.001	1
26.4	0.001	1
26.433	0.001	1
26.467	0.001	1
26.5	0.001	1
26.533	0.001	1
26.567	0.001	1
26.6	0.001	1
26.633	0.001	1
26.667	0.001	1
26.7	0.001	1
26.733	0.001	1
26.767	0.001	1
26.8	0.001	1
26.833	0.001	1
26.867	0.001	1
26.9	0.001	1
26.933	0.001	1
26.967	0.001	1
27	0.001	1
27.033	0.001	1
27.067	0.001	1
27.1	0.001	1
27.133	0.001	1
27.167	0.001	1
27.2	0.001	1
27.233	0.001	1
27.267	0.001	1
27.3	0.001	1
27.333	0.001	1
27.367	0.001	1
27.4	0.001	1
27.433	0.001	1
27.467	0.001	1
27.5	0.001	1
27.533	0.001	1
27.567	0.001	1
27.6	0.001	1
27.633	0.001	1
27.667	0.001	1
27.7	0.001	1
27.733	0.001	1
27.767	0.001	1
27.8	0.001	1
27.833	0.001	1
27.867	0.001	1
27.9	0.001	1
27.933	0.001	1
27.967	0.001	1
28	0.001	1
28.033	0.001	1
28.067	0.001	1
28.1	0.001	1
28.133	0.001	1
28.167	0.001	1
28.2	0.001	1
28.233	0.001	1
28.267	0.001	1
28.3	0.001	1
28.333	0.001	1
28.367	0.001	1
28.4	0.001	1
28.433	0.001	1
28.467	0.001	1
28.5	0.001	1
28.533	0.001	1
28.567	0.001	1
28.6	0.001	1
28.633	0.001	1
28.667	0.001	1
28.7	0.001	1
28.733	0.001	1
28.767	0.001	1
28.8	0.001	1
28.833	0.001	1
28.867	0.001	1
28.9	0.001	1
28.933	0.001	1
28.967	0.001	1
29	0.001	1
29.033	0.001	1
29.067	0.001	1
29.1	0.001	1
29.133	0.001	1
29.167	0.001	1
29.2	0.001	1
29.233	0.001	1
29.267	0.001	1
29.3	0.001	1
29.333	0.001	1
29.367	0.001	1
29.4	0.001	1
29.433	0.001	1
29.467	0.001	1
29.5	0.001	1
29.533	0.001	1
29.567	0.001	1
29.6	0.001	1
29.633	0.001	1
29.667	0.001	1
29.7	0.001	1
29.733	0.001	1
29.767	0.001	1
29.8	0.001	1
29.833	0.001	1
29.867	0.001	1
29.9	0.001	1
29.933	0.001	1
29.967	0.001	1
30	0.001	1
30.033	0.001	1
30.067	0.001	1
30.1	0.001	1
30.133	0.001	1
30.167	0.001	1
30.2	0.001	1
30.233	0.001	1
30.267	0.001	1
30.3	0.001	1
30.333	0.001	1
30.367	0.001	1
30.4	0.001	1
30.433	0.001	1
30.467	0.001	1
30.5	0.001	1
30.533	0.001	1
30.567	0.001	1
30.6	0.001	1
30.633	0.001	1
30.667	0.001	1
30.7	0.001	1
30.733	0.001	1
30.767	0.001	1
30.8	0.001	1
30.833	0.001	1
30.867	0.001	1
30.9	0.001	1
30.933	0.001	1
30.967	0.001	1
31	0.001	1
31.033	0.001	1
31.067	0.001	1
31.1	0.001	1
31.133	0.001	1
31.167	0.001	1
31.2	0.001	1
31.233	0.001	1
31.267	0.001	1
31.3	0.001	1
31.333	0.001	1
31.367	0.001	1
31.4	0.001	1
31.433	0.001	1
31.467	0.001	1
31.5	0.001	1
31.533	0.001	1
31.567	0.001	1
31.6	0.001	1
31.633	0.001	1
31.667	0.001	1
31.7	0.001	1
31.733	0.001	1
31.767	0.001	1
31.8	0.001	1
31.833	0.001	1
31.867	0.001	1
31.9	0.001	1
31.933	0.001	1
31.967	0.001	1
32	0.001	1
32.033	0.001	1
32.067	0.001	1
32.1	0.001	1
32.133	0.001	1
32.167	0.001	1
32.2	0.001	1
32.233	0.001	1
32.267	0.001	1
32.3	0.001	1
32.333	0.001	1
32.367	0.001	1
32.4	0.001	1
32.433	0.001	1
32.467	0.001	1
32.5	0.001	1
32.533	0.001	1
32.567	0.001	1
32.6	0.001	1
32.633	0.001	1
32.667	0.001	1
32.7	0.001	1
32.733	0.001	1
32.767	0.001	1
32.8	0.001	1
32.833	0.001	1
32.867	0.001	1
32.9	0.001	1
32.933	0.001	1
32.967	0.001	1
33	0.001	1
33.033	0.001	1
33.067	0.001	1
33.1	0.001	1
33.133	0.001	1
33.167	0.001	1
33.2	0.001	1
33.233	0.001	1
33.267	0.001	1
33.3	0.001	1
33.333	0.001	1
33.367	0.001	1
33.4	0.001	1
33.433	0.001	1
33.467	0.001	1
33.5	0.001	1
33.533	0.001	1
33.567	0.001	1
33.6	0.001	1
33.633	0.001	1
33.667	0.001	1
33.7	0.001	1
33.733	0.001	1
33.767	0.001	1
33.8	0.001	1
33.833	0.001	1
33.867	0.001	1
33.9	0.001	1
33.933	0.001	1
33.967	0.001	1
34	0.001	1
34.033	0.001	1
34.067	0.001	1
34.1	0.001	1
34.133	0.001	1
34.167	0.001	1
34.2	0.001	1
34.233	0.001	1
34.267	0.001	1
34.3	0.001	1
34.333	0.001	1
34.367	0.001	1
34.4	0.001	1
34.433	0.001	1
34.467	0.001	1
34.5	0.001	1
34.533	0.001	1
34.567	0.001	1
34.6	0.001	1
34.633	0.001	1
34.667	0.001	1
34.7	0.001	1
34.733	0.001	1
34.767	0.001	1
34.8	0.001	1
34.833	0.001	1
34.867	0.001	1
34.9	0.001	1
34.933	0.001	1
34.967	0.001	1
35	0.001	1
35.033	0.001	1
35.067	0.001	1
35.1	0.001	1
35.133	0.001	1
35.167	0.001	1
35.2	0.001	1
35.233	0.001	1
35.267	0.001	1
35.3	0.001	1
35.333	0.001	1
35.367	0.001	1
35.4	0.001	1
35.433	0.001	1
35.467	0.001	1
35.5	0.001	1
35.533	0.001	1
35.567	0.001	1
35.6	0.001	1
35.633	0.001	1
35.667	0.001	1
35.7	0.001	1
35.733	0.001	1
35.767	0.001	1
35.8	0.001	1
35.833	0.001	1
35.867	0.001	1
35.9	0.001	1
35.933	0.001	1
35.967	0.001	1
36	0.001	1
36.033	0.001	1
36.067	0.001	1
36.1	0.001	1
36.133	0.001	1
36.167	0.001	1
36.2	0.001	1
36.233	0.001	1
36.267	0.001	1
36.3	0.001	1
36.333	0.001	1
36.367	0.001	1
36.4	0.001	1
36.433	0.001	1
36.467	0.001	1
36.5	0.001	1
36.533	0.001	1
36.567	0.001	1
36.6	0.001	1
36.633	0.001	1
36.667	0.001	1
36.7	0.001	1
36.733	0.001	1
36.767	0.001	1
36.8	0.001	1
36.833	0.001	1
36.867	0.001	1
36.9	0.001	1
36.933	0.001	1
36.967	0.001	1
37	0.001	1
37.033	0.001	1
37.067	0.001	1
37.1	0.001	1
37.133	0.001	1
37.167	0.001	1
37.2	0.001	1
37.233	0.001	1
37.267	0.001	1
37.3	0.001	1
37.333	0.001	1
37.367	0.001	1
37.4	0.001	1
37.433	0.001	1
37.467	0.001	1
37.5	0.001	1
37.533	0.001	1
37.567	0.001	1
37.6	0.001	1
37.633	0.001	1
37.667	0.001	1
37.7	0.001	1
37.733	0.001	1
37.767	0.001	1
37.8	0.001	1
37.833	0.001	1
37.867	0.001	1
37.9	0.001	1
37.933	0.001	1
37.967	0.001	1
38	0.001	1
38.033	0.001	1
38.067	0.001	1
38.1	0.001	1
38.133	0.001	1
38.167	0.001	1
38.2	0.001	1
38.233	0.001	1
38.267	0.001	1
38.3	0.001	1
38.333	0.001	1
38.367	0.001	1
38.4	0.001	1
38.433	0.001	1
38.467	0.001	1
38.5	0.001	1
38.533	0.001	1
38.567	0.001	1
38.6	0.001	1
38.633	0.001	1
38.667	0.001	1
38.7	0.001	1
38.733	0.001	1
38.767	0.001	1
38.8	0.001	1
38.833	0.001	1
38.867	0.001	1
38.9	0.001	1
38.933	0.001	1
38.967	0.001	1
39	0.001	1
39.033	0.001	1
39.067	0.001	1
39.1	0.001	1
39.133	0.001	1
39.167	0.001	1
39.2	0.001	1
39.233	0.001	1
39.267	0.001	1
39.3	0.001	1
39.333	0.001	1
39.367	0.001	1
39.4	0.001	1
39.433	0.001	1
39.467	0.001	1
39.5	0.001	1
39.533	0.001	1
39.567	0.001	1
39.6	0.001	1
39.633	0.001	1
39.667	0.001	1
39.7	0.001	1
39.733	0.001	1
39.767	0.001	1
39.8	0.001	1
39.833	0.001	1
39.867	0.001	1
39.9	0.001	1
39.933	0.001	1
39.967	0.001	1
40	0.001	1
40.033	0.001	1
40.067	0.001	1
40.1	0.001	1
40.133	0.001	1
40.167	0.001	1
40.2	0.001	1
40.233	0.001	1
40.267	0.001	1
40.3	0.001	1
40.333	0.001	1
40.367	0.001	1
40.4	0.001	1
40.433	0.001	1
40.467	0.001	1
40.5	0.001	1
40.533	0.001	1
40.567	0.001	1
40.6	0.001	1
40.633	0.001	1
40.667	0.001	1
40.7	0.001	1
40.733	0.001	1
40.767	0.001	1
40.8	0.001	1
40.833	0.001	1
40.867	0.001	1
40.9	0.001	1
40.933	0.001	1
40.967	0.001	1
41	0.001	1
41.033	0.001	1
41.067	0.001	1
41.1	0.001	1
41.133	0.001	1
41.167	0.001	1
41.2	0.001	1
41.233	0.001	1
41.267	0.001	1
41.3	0.001	1
41.333	0.001	1
41.367	0.001	1
41.4	0.001	1
41.433	0.001	1
41.467	0.001	1
41.5	0.001	1
41.533	0.001	1
41.567	0.001	1
41.6	0.001	1
41.633	0.001	1
41.667	0.001	1
41.7	0.001	1
41.733	0.001	1
41.767	0.001	1
41.8	0.001	1
41.833	0.001	1
41.867	0.001	1
41.9	0.001	1
41.933	0.001	1
41.967	0.001	1
42	0.001	1
42.033	0.001	1
42.067	0.001	1
42.1	0.001	1
42.133	0.001	1
42.167	0.001	1
42.2	0.001	1
42.233	0.001	1
42.267	0.001	1
42.3	0.001	1
42.333	0.001	1
42.367	0.001	1
42.4	0.001	1
42.433	0.001	1
42.467	0.001	1
42.5	0.001	1
42.533	0.001	1
42.567	0.001	1
42.6	0.001	1
42.633	0.001	1
42.667	0.001	1
42.7	0.001	1
42.733	0.001	1
42.767	0.001	1
42.8	0.001	1
42.833	0.001	1
42.867	0.001	1
42.9	0.001	1
42.933	0.001	1
42.967	0.001	1
43	0.001	1
43.033	0.001	1
43.067	0.001	1
43.1	0.001	1
43.133	0.001	1
43.167	0.001	1
43.2	0.001	1
43.233	0.001	1
43.267	0.001	1
43.3	0.001	1
43.333	0.001	1
43.367	0.001	1
43.4	0.001	1
43.433	0.001	1
43.467	0.001	1
43.5	0.001	1
43.533	0.001	1
43.567	0.001	1
43.6	0.001	1
43.633	0.001	1
43.667	0.001	1
43.7	0.001	1
43.733	0.001	1
43.767	0.001	1
43.8	0.001	1
43.833	0.001	1
43.867	0.001	1
43.9	0.001	1
43.933	0.001	1
43.967	0.001	1
44	0.001	1
44.033	0.001	1
44.067	0.001	1
44.1	0.001	1
44.133	0.001	1
44.167	0.001	1
44.2	0.001	1
44.233	0.001	1
44.267	0.001	1
44.3	0.001	1
44.333	0.001	1
44.367	0.001	1
44.4	0.001	1
44.433	0.001	1
44.467	0.001	1
44.5	0.001	1
44.533	0.001	1
44.567	0.001	1
44.6	0.001	1
44.633	0.001	1
44.667	0.001	1
44.7	0.001	1
44.733	0.001	1
44.767	0.001	1
44.8	0.001	1
44.833	0.001	1
44.867	0.001	1
44.9	0.001	1
44.933	0.001	1
44.967	0.001	1
45	0.001	1
45.033	0.001	1
45.067	0.001	1
45.1	0.001	1
45.133	0.001	1
45.167	0.001	1
45.2	0.001	1
45.233	0.001	1
45.267	0.001	1
45.3	0.001	1
45.333	0.001	1
45.367	0.001	1
45.4	0.001	1
45.433	0.001	1
45.467	0.001	1
45.5	0.001	1
45.533	0.001	1
45.567	0.001	1
45.6	0.001	1
45.633	0.001	1
45.667	0.001	1
45.7	0.001	1
45.733	0.001	1
45.767	0.001	1
45.8	0.001	1
45.833	0.001	1
45.867	0.001	1
45.9	0.001	1
45.933	0.001	1
45.967	0.001	1
46	0.001	1
46.033	0.001	1
46.067	0.001	1
46.1	0.001	1
46.133	0.001	1
46.167	0.001	1
46.2	0.001	1
46.233	0.001	1
46.267	0.001	1
46.3	0.001	1
46.333	0.001	1
46.367	0.001	1
46.4	0.001	1
46.433	0.001	1
46.467	0.001	1
46.5	0.001	1
46.533	0.001	1
46.567	0.001	1
46.6	0.001	1
46.633	0.001	1
46.667	0.001	1
46.7	0.001	1
46.733	0.001	1
46.767	0.001	1
46.8	0.001	1
46.833	0.001	1
46.867	0.001	1
46.9	0.001	1
46.933	0.001	1
46.967	0.001	1
47	0.001	1
47.033	0.001	1
47.067	0.001	1
47.1	0.001	1
47.133	0.001	1
47.167	0.001	1
47.2	0.001	1
47.233	0.001	1
47.267	0.001	1
47.3	0.001	1
47.333	0.001	1
47.367	0.001	1
47.4	0.001	1
47.433	0.001	1
47.467	0.001	1
47.5	0.001	1
47.533	0.001	1
47.567	0.001	1
47.6	0.001	1
47.633	0.001	1
47.667	0.001	1
47.7	0.001	1
47.733	0.001	1
47.767	0.001	1
47.8	0.001	1
47.833	0.001	1
47.867	0.001	1
47.9	0.001	1
47.933	0.001	1
47.967	0.001	1
48	0.001	1
48.033	0.001	1
48.067	0.001	1
48.1	0.001	1
48.133	0.001	1
48.167	0.001	1
48.2	0.001	1
48.233	0.001	1
48.267	0.001	1
48.3	0.001	1
48.333	0.001	1
48.367	0.001	1
48.4	0.001	1
48.433	0.001	1
48.467	0.001	1
48.5	0.001	1
48.533	0.001	1
48.567	0.001	1
48.6	0.001	1
48.633	0.001	1
48.667	0.001	1
48.7	0.001	1
48.733	0.001	1
48.767	0.001	1
48.8	0.001	1
48.833	0.001	1
48.867	0.001	1
48.9	0.001	1
48.933	0.001	1
48.967	0.001	1
49	0.001	1
49.033	0.001	1
49.067	0.001	1
49.1	0.001	1
49.133	0.001	1
49.167	0.001	1
49.2	0.001	1
49.233	0.001	1
49.267	0.001	1
49.3	0.001	1
49.333	0.001	1
49.367	0.001	1
49.4	0.001	1
49.433	0.001	1
49.467	0.001	1
49.5	0.001	1
49.533	0.001	1
49.567	0.001	1
49.6	0.001	1
49.633	0.001	1
49.667	0.001	1
49.7	0.001	1
49.733	0.001	1
49.767	0.001	1
49.8	0.001	1
49.833	0.001	1
49.867	0.001	1
49.9	0.001	1
49.933	0.001	1
49.967	0.001	1
50	0.001	1
50.033	0.001	1
50.067	0.001	1
50.1	0.001	1
50.133	0.001	1
50.167	0.001	1
50.2	0.001	1
50.233	0.001	1
50.267	0.001	1
50.3	0.001	1
50.333	0.001	1
50.367	0.001	1
50.4	0.001	1
50.433	0.001	1
50.467	0.001	1
50.5	0.001	1
50.533	0.001	1
50.567	0.001	1
50.6	0.001	1
50.633	0.001	1
50.667	0.001	1
50.7	0.001	1
50.733	0.001	1
50.767	0.001	1
50.8	0.001	1
50.833	0.001	1
50.867	0.001	1
50.9	0.001	1
50.933	0.001	1
50.967	0.001	1
51	0.001	1
51.033	0.001	1
51.067	0.001	1
51.1	0.001	1
51.133	0.001	1
51.167	0.001	1
51.2	0.001	1
51.233	0.001	1
51.267	0.001	1
51.3	0.001	1
51.333	0.001	1
51.367	0.001	1
51.4	0.001	1
51.433	0.001	1
51.467	0.001	1
51.5	0.001	1
51.533	0.001	1
51.567	0.001	1
51.6	0.001	1
51.633	0.001	1
51.667	0.001	1
51.7	0.001	1
51.733	0.001	1
51.767	0.001	1
51.8	0.001	1
51.833	0.001	1
51.867	0.001	1
51.9	0.001	1
51.933	0.001	1
51.967	0.001	1
52	0.001	1
52.033	0.001	1
52.067	0.001	1
52.1	0.001	1
52.133	0.001	1
52.167	0.001	1
52.2	0.001	1
52.233	0.001	1
52.267	0.001	1
52.3	0.001	1
52.333	0.001	1
52.367	0.001	1
52.4	0.001	1
52.433	0.001	1
52.467	0.001	1
52.5	0.001	1
52.533	0.001	1
52.567	0.001	1
52.6	0.001	1
52.633	0.001	1
52.667	0.001	1
52.7	0.001	1
52.733	0.001	1
52.767	0.001	1
52.8	0.001	1
52.833	0.001	1
52.867	0.001	1
52.9	0.001	1
52.933	0.001	1
52.967	0.001	1
53	0.001	1
53.033	0.001	1
53.067	0.001	1
53.1	0.001	1
53.133	0.001	1
53.167	0.001	1
53.2	0.001	1
53.233	0.001	1
53.267	0.001	1
53.3	0.001	1
53.333	0.001	1
53.367	0.001	1
53.4	0.001	1
53.433	0.001	1
53.467	0.001	1
53.5	0.001	1
53.533	0.001	1
53.567	0.001	1
53.6	0.001	1
53.633	0.001	1
53.667	0.001	1
53.7	0.001	1
53.733	0.001	1
53.767	0.001	1
53.8	0.001	1
53.833	0.001	1
53.867	0.001	1
53.9	0.001	1
53.933	0.001	1
53.967	0.001	1
54	0.001	1
54.033	0.001	1
54.067	0.001	1
54.1	0.001	1
54.133	0.001	1
54.167	0.001	1
54.2	0.001	1
54.233	0.001	1
54.267	0.001	1
54.3	0.001	1
54.333	0.001	1
54.367	0.001	1
54.4	0.001	1
54.433	0.001	1
54.467	0.001	1
54.5	0.001	1
54.533	0.001	1
54.567	0.001	1
54.6	0.001	1
54.633	0.001	1
54.667	0.001	1
54.7	0.001	1
54.733	0.001	1
54.767	0.001	1
54.8	0.001	1
54.833	0.001	1
54.867	0.001	1
54.9	0.001	1
54.933	0.001	1
54.967	0.001	1
55	0.001	1
55.033	0.001	1
55.067	0.001	1
55.1	0.001	1
55.133	0.001	1
55.167	0.001	1
55.2	0.001	1
55.233	0.001	1
55.267	0.001	1
55.3	0.001	1
55.333	0.001	1
55.367	0.001	1
55.4	0.001	1
55.433	0.001	1
55.467	0.001	1
55.5	0.001	1
55.533	0.001	1
55.567	0.001	1
55.6	0.001	1
55.633	0.001	1
55.667	0.001	1
55.7	0.001	1
55.733	0.001	1
55.767	0.001	1
55.8	0.001	1
55.833	0.001	1
55.867	0.001	1
55.9	0.001	1
55.933	0.001	1
55.967	0.001	1
56	0.001	1
56.033	0.001	1
56.067	0.001	1
56.1	0.001	1
56.133	0.001	1
56.167	0.001	1
56.2	0.001	1
56.233	0.001	1
56.267	0.001	1
56.3	0.001	1
56.333	0.001	1
56.367	0.001	1
56.4	0.001	1
56.433	0.001	1
56.467	0.001	1
56.5	0.001	1
56.533	0.001	1
56.567	0.001	1
56.6	0.001	1
56.633	0.001	1
56.667	0.001	1
56.7	0.001	1
56.733	0.001	1
56.767	0.001	1
56.8	0.001	1
56.833	0.001	1
56.867	0.001	1
56.9	0.001	1
56.933	0.001	1
56.967	0.001	1
57	0.001	1
57.033	0.001	1
57.067	0.001	1
57.1	0.001	1
57.133	0.001	1
57.167	0.001	1
57.2	0.001	1
57.233	0.001	1
57.267	0.001	1
57.3	0.001	1
57.333	0.001	1
57.367	0.001	1
57.4	0.001	1
57.433	0.001	1
57.467	0.001	1
57.5	0.001	1
57.533	0.001	1
57.567	0.001	1
57.6	0.001	1
57.633	0.001	1
57.667	0.001	1
57.7	0.001	1
57.733	0.001	1
57.767	0.001	1
57.8	0.001	1
57.833	0.001	1
57.867	0.001	1
57.9	0.001	1
57.933	0.001	1
57.967	0.001	1
58	0.001	1
58.033	0.001	1
58.067	0.001	1
58.1	0.001	1
58.133	0.001	1
58.167	0.001	1
58.2	0.001	1
58.233	0.001	1
58.267	0.001	1
58.3	0.001	1
58.333	0.001	1
58.367	0.001	1
58.4	0.001	1
58.433	0.001	1
58.467	0.001	1
58.5	0.001	1
58.533	0.001	1
58.567	0.001	1
58.6	0.001	1
58.633	0.001	1
58.667	0.001	1
58.7	0.001	1
58.733	0.001	1
58.767	0.001	1
58.8	0.001	1
58.833	0.001	1
58.867	0.001	1
58.9	0.001	1
58.933	0.001	1
58.967	0.001	1
59	0.001	1
59.033	0.001	1
59.067	0.001	1
59.1	0.001	1
59.133	0.001	1
59.167	0.001	1
59.2	0.001	1
59.233	0.001	1
59.267	0.001	1
59.3	0.001	1
59.333	0.001	1
59.367	0.001	1
59.4	0.001	1
59.433	0.001	1
59.467	0.001	1
59.5	0.001	1
59.533	0.001	1
59.567	0.001	1
59.6	0.001	1
59.633	0.001	1
59.667	0.001	1
59.7	0.001	1
59.733	0.001	1
59.767	0.001	1
59.8	0.001	1
59.833	0.001	1
59.867	0.001	1
59.9	0.001	1
59.933	0.001	1
59.967	0.001	1
60	0.001	1
60.033	0.001	1
60.067	0.001	1
60.1	0.001	1
60.133	0.001	1
60.167	0.001	1
60.2	0.001	1
60.233	0.001	1
60.267	0.001	1
60.3	0.001	1
60.333	0.001	1
60.367	0.001	1
60.4	0.001	1
60.433	0.001	1
60.467	0.001	1
60.5	0.001	1
60.533	0.001	1
60.567	0.001	1
60.6	0.001	1
60.633	0.001	1
60.667	0.001	1
60.7	0.001	1
60.733	0.001	1
60.767	0.001	1
60.8	0.001	1
60.833	0.001	1
60.867	0.001	1
60.9	0.001	1
60.933	0.001	1
60.967	0.001	1
61	0.001	1
61.033	0.001	1
61.067	0.001	1
61.1	0.001	1
61.133	0.001	1
61.167	0.001	1
61.2	0.001	1
61.233	0.001	1
61.267	0.001	1
61.3	0.001	1
61.333	0.001	1
61.367	0.001	1
61.4	0.001	1
61.433	0.001	1
61.467	0.001	1
61.5	0.001	1
61.533	0.001	1
61.567	0.001	1
61.6	0.001	1
61.633	0.001	1
61.667	0.001	1
61.7	0.001	1
61.733	0.001	1
61.767	0.001	1
61.8	0.001	1
61.833	0.001	1
61.867	0.001	1
61.9	0.001	1
61.933	0.001	1
61.967	0.001	1
62	0.001	1
62.033	0.001	1
62.067	0.001	1
62.1	0.001	1
62.133	0.001	1
62.167	0.001	1
62.2	0.001	1
62.233	0.001	1
62.267	0.001	1
62.3	0.001	1
62.333	0.001	1
62.367	0.001	1
62.4	0.001	1
62.433	0.001	1
62.467	0.001	1
62.5	0.001	1
62.533	0.001	1
62.567	0.001	1
62.6	0.001	1
62.633	0.001	1
62.667	0.001	1
62.7	0.001	1
62.733	0.001	1
62.767	0.001	1
62.8	0.001	1
62.833	0.001	1
62.867	0.001	1
62.9	0.001	1
62.933	0.001	1
62.967	0.001	1
63	0.001	1
63.033	0.001	1
63.067	0.001	1
63.1	0.001	1
63.133	0.001	1
63.167	0.001	1
63.2	0.001	1
63.233	0.001	1
63.267	0.001	1
63.3	0.001	1
63.333	0.001	1
63.367	0.001	1
63.4	0.001	1
63.433	0.001	1
63.467	0.001	1
63.5	0.001	1
63.533	0.001	1
63.567	0.001	1
63.6	0.001	1
63.633	0.001	1
63.667	0.001	1
63.7	0.001	1
63.733	0.001	1
63.767	0.001	1
63.8	0.001	1
63.833	0.001	1
63.867	0.001	1
63.9	0.001	1
63.933	0.001	1
63.967	0.001	1
64	0.001	1
64.033	0.001	1
64.067	0.001	1
64.1	0.001	1
64.133	0.001	1
64.167	0.001	1
64.2	0.001	1
64.233	0.001	1
64.267	0.001	1
64.3	0.001	1
64.333	0.001	1
64.367	0.001	1
64.4	0.001	1
64.433	0.001	1
64.467	0.001	1
64.5	0.001	1
64.533	0.001	1
64.567	0.001	1
64.6	0.001	1
64.633	0.001	1
64.667	0.001	1
64.7	0.001	1
64.733	0.001	1
64.767	0.001	1
64.8	0.001	1
64.833	0.001	1
64.867	0.001	1
64.9	0.001	1
64.933	0.001	1
64.967	0.001	1
65	0.001	1
65.033	0.001	1
65.067	0.001	1
65.1	0.001	1
65.133	0.001	1
65.167	0.001	1
65.2	0.001	1
65.233	0.001	1
65.267	0.001	1
65.3	0.001	1
65.333	0.001	1
65.367	0.001	1
65.4	0.001	1
65.433	0.001	1
65.467	0.001	1
65.5	0.001	1
65.533	0.001	1
65.567	0.001	1
65.6	0.001	1
65.633	0.001	1
65.667	0.001	1
65.7	0.001	1
65.733	0.001	1
65.767	0.001	1
65.8	0.001	1
65.833	0.001	1
65.867	0.001	1
65.9	0.001	1
65.933	0.001	1
65.967	0.001	1
66	0.001	1
66.033	0.001	1
66.067	0.001	1
66.1	0.001	1
66.133	0.001	1
66.167	0.001	1
66.2	0.001	1
66.233	0.001	1
66.267	0.001	1
66.3	0.001	1
66.333	0.001	1
66.367	0.001	1
66.4	0.001	1
66.433	0.001	1
66.467	0.001	1
66.5	0.001	1
66.533	0.001	1
66.567	0.001	1
66.6	0.001	1
66.633	0.001	1
66.667	0.001	1
66.7	0.001	1
66.733	0.001	1
66.767	0.001	1
66.8	0.001	1
66.833	0.001	1
66.867	0.001	1
66.9	0.001	1
66.933	0.001	1
66.967	0.001	1
67	0.001	1
67.033	0.001	1
67.067	0.001	1
67.1	0.001	1
67.133	0.001	1
67.167	0.001	1
67.2	0.001	1
67.233	0.001	1
67.267	0.001	1
67.3	0.001	1
67.333	0.001	1
67.367	0.001	1
67.4	0.001	1
67.433	0.001	1
67.467	0.001	1
67.5	0.001	1
67.533	0.001	1
67.567	0.001	1
67.6	0.001	1
67.633	0.001	1
67.667	0.001	1
67.7	0.001	1
67.733	0.001	1
67.767	0.001	1
67.8	0.001	1
67.833	0.001	1
67.867	0.001	1
67.9	0.001	1
67.933	0.001	1
67.967	0.001	1
68	0.001	1
68.033	0.001	1
68.067	0.001	1
68.1	0.001	1
68.133	0.001	1
68.167	0.001	1
68.2	0.001	1
68.233	0.001	1
68.267	0.001	1
68.3	0.001	1
68.333	0.001	1
68.367	0.001	1
68.4	0.001	1
68.433	0.001	1
68.467	0.001	1
68.5	0.001	1
68.533	0.001	1
68.567	0.001	1
68.6	0.001	1
68.633	0.001	1
68.667	0.001	1
68.7	0.001	1
68.733	0.001	1
68.767	0.001	1
68.8	0.001	1
68.833	0.001	1
68.867	0.001	1
68.9	0.001	1
68.933	0.001	1
68.967	0.001	1
69	0.001	1
69.033	0.001	1
69.067	0.001	1
69.1	0.001	1
69.133	0.001	1
69.167	0.001	1
69.2	0.001	1
69.233	0.001	1
69.267	0.001	1
69.3	0.001	1
69.333	0.001	1
69.367	0.001	1
69.4	0.001	1
69.433	0.001	1
69.467	0.001	1
69.5	0.001	1
69.533	0.001	1
69.567	0.001	1
69.6	0.001	1
69.633	0.001	1
69.667	0.001	1
69.7	0.001	1
69.733	0.001	1
69.767	0.001	1
69.8	0.001	1
69.833	0.001	1
69.867	0.001	1
69.9	0.001	1
69.933	0.001	1
69.967	0.001	1
70	0.001	1
70.033	0.001	1
70.067	0.001	1
70.1	0.001	1
70.133	0.001	1
70.167	0.001	1
70.2	0.001	1
70.233	0.001	1
70.267	0.001	1
70.3	0.001	1
70.333	0.001	1
70.367	0.001	1
70.4	0.001	1
70.433	0.001	1
70.467	0.001	1
70.5	0.001	1
70.533	0.001	1
70.567	0.001	1
70.6	0.001	1
70.633	0.001	1
70.667	0.001	1
70.7	0.001	1
70.733	0.001	1
70.767	0.001	1
70.8	0.001	1
70.833	0.001	1
70.867	0.001	1
70.9	0.001	1
70.933	0.001	1
70.967	0.001	1
71	0.001	1
71.033	0.001	1
71.067	0.001	1
71.1	0.001	1
71.133	0.001	1
71.167	0.001	1
71.2	0.001	1
71.233	0.001	1
71.267	0.001	1
71.3	0.001	1
71.333	0.001	1
71.367	0.001	1
71.4	0.001	1
71.433	0.001	1
71.467	0.001	1
71.5	0.001	1
71.533	0.001	1
71.567	0.001	1
71.6	0.001	1
71.633	0.001	1
71.667	0.001	1
71.7	0.001	1
71.733	0.001	1
71.767	0.001	1
71.8	0.001	1
71.833	0.001	1
71.867	0.001	1
71.9	0.001	1
71.933	0.001	1
71.967	0.001	1
72	0.001	1
0.13333	0.0035955	2
0.16667	0.0031586	2
0.2	0.0031586	2
0.23333	0.0027234	2
0.26667	0.0027234	2
0.3	0.0027234	2
0.33333	0.0027234	2
0.36667	0.00229	2
0.4	0.00229	2
0.43333	0.00229	2
0.46667	0.00229	2
0.5	0.00229	2
0.53333	0.00229	2
0.56667	0.00229	2
0.6	0.00229	2
0.63333	0.00229	2
0.66667	0.00229	2
0.7	0.0018583	2
0.73333	0.0018583	2
0.76667	0.0018583	2
0.8	0.0018583	2
0.83333	0.0018583	2
0.86667	0.0018583	2
0.9	0.0018583	2
0.93333	0.0018583	2
0.96667	0.0018583	2
1	0.0018583	2
1.0333	0.0018583	2
1.0667	0.0018583	2
1.1	0.0018583	2
1.1333	0.0018583	2
1.1667	0.0018583	2
1.2	0.0018583	2
1.2333	0.0018583	2
1.2667	0.0018583	2
1.3	0.0018583	2
1.3333	0.0018583	2
1.3667	0.0018583	2
1.4	0.0018583	2
1.4333	0.0018583	2
1.4667	0.0014283	2
1.5	0.0018583	2
1.5333	0.0018583	2
1.5667	0.0014283	2
1.6	0.0014283	2
1.6333	0.0014283	2
1.6667	0.0014283	2
1.7	0.0014283	2
1.7333	0.0014283	2
1.7667	0.0014283	2
1.8	0.0014283	2
1.8333	0.0014283	2
1.8667	0.0014283	2
1.9	0.0014283	2
1.9333	0.0014283	2
1.9667	0.0014283	2
2	0.0014283	2
2.0333	0.0014283	2
2.0667	0.0014283	2
2.1	0.0014283	2
2.1333	0.0014283	2
2.1667	0.0014283	2
2.2	0.0014283	2
2.2333	0.0014283	2
2.2667	0.0014283	2
2.3	0.0014283	2
2.3333	0.0014283	2
2.3667	0.0014283	2
2.4	0.0014283	2
2.4333	0.0014283	2
2.4667	0.0014283	2
2.5	0.0014283	2
2.5333	0.0014283	2
2.5667	0.0014283	2
2.6	0.0014283	2
2.6333	0.0014283	2
2.6667	0.0014283	2
2.7	0.0014283	2
2.7333	0.0014283	2
2.7667	0.0014283	2
2.8	0.0014283	2
2.8333	0.0014283	2
2.8667	0.0014283	2
2.9	0.0014283	2
2.9333	0.0014283	2
2.9667	0.0014283	2
3	0.0014283	2
3.0333	0.0014283	2
3.0667	0.0014283	2
3.1	0.0014283	2
3.1333	0.0014283	2
3.1667	0.0014283	2
3.2	0.0014283	2
3.2333	0.0014283	2
3.2667	0.0014283	2
3.3	0.0014283	2
3.3333	0.0014283	2
3.3667	0.0014283	2
3.4	0.0014283	2
3.4333	0.0014283	2
3.4667	0.0014283	2
3.5	0.0014283	2
3.5333	0.0014283	2
3.5667	0.0014283	2
3.6	0.0014283	2
3.6333	0.0014283	2
3.6667	0.0014283	2
3.7	0.0014283	2
3.7333	0.0014283	2
3.7667	0.0014283	2
3.8	0.0014283	2
3.8333	0.0014283	2
3.8667	0.0014283	2
3.9	0.0014283	2
3.9333	0.0014283	2
3.9667	0.0014283	2
4	0.0014283	2
4.0333	0.0014283	2
4.0667	0.0014283	2
4.1	0.0014283	2
4.1333	0.0014283	2
4.1667	0.0014283	2
4.2	0.0014283	2
4.2333	0.0014283	2
4.2667	0.001	2
4.3	0.001	2
4.3333	0.0014283	2
4.3667	0.001	2
4.4	0.001	2
4.4333	0.001	2
4.4667	0.001	2
4.5	0.001	2
4.5333	0.0014283	2
4.5667	0.001	2
4.6	0.001	2
4.6333	0.001	2
4.6667	0.001	2
4.7	0.001	2
4.7333	0.001	2
4.7667	0.001	2
4.8	0.001	2
4.8333	0.0014283	2
4.8667	0.001	2
4.9	0.001	2
4.9333	0.001	2
4.9667	0.001	2
5	0.001	2
5.0333	0.001	2
5.0667	0.001	2
5.1	0.001	2
5.1333	0.001	2
5.1667	0.001	2
5.2	0.001	2
5.2333	0.001	2
5.2667	0.001	2
5.3	0.001	2
5.3333	0.001	2
5.3667	0.001	2
5.4	0.001	2
5.4333	0.001	2
5.4667	0.001	2
5.5	0.001	2
5.5333	0.001	2
5.5667	0.001	2
5.6	0.001	2
5.6333	0.001	2
5.6667	0.001	2
5.7	0.001	2
5.7333	0.001	2
5.7667	0.001	2
5.8	0.001	2
5.8333	0.001	2
5.8667	0.001	2
5.9	0.001	2
5.9333	0.001	2
5.9667	0.001	2
6	0.001	2
6.0333	0.001	2
6.0667	0.001	2
6.1	0.001	2
6.1333	0.001	2
6.1667	0.001	2
6.2	0.001	2
6.2333	0.001	2
6.2667	0.001	2
6.3	0.001	2
6.3333	0.001	2
6.3667	0.001	2
6.4	0.001	2
6.4333	0.001	2
6.4667	0.001	2
6.5	0.001	2
6.5333	0.001	2
6.5667	0.001	2
6.6	0.001	2
6.6333	0.001	2
6.6667	0.001	2
6.7	0.001	2
6.7333	0.001	2
6.7667	0.001	2
6.8	0.001	2
6.8333	0.001	2
6.8667	0.001	2
6.9	0.001	2
6.9333	0.001	2
6.9667	0.001	2
7	0.001	2
7.0333	0.001	2
7.0667	0.001	2
7.1	0.001	2
7.1333	0.001	2
7.1667	0.001	2
7.2	0.001	2
7.2333	0.001	2
7.2667	0.001	2
7.3	0.001	2
7.3333	0.001	2
7.3667	0.001	2
7.4	0.001	2
7.4333	0.001	2
7.4667	0.001	2
7.5	0.001	2
7.5333	0.001	2
7.5667	0.001	2
7.6	0.001	2
7.6333	0.001	2
7.6667	0.001	2
7.7	0.001	2
7.7333	0.001	2
7.7667	0.001	2
7.8	0.001	2
7.8333	0.001	2
7.8667	0.001	2
7.9	0.001	2
7.9333	0.001	2
7.9667	0.001	2
8	0.001	2
8.0333	0.001	2
8.0667	0.001	2
8.1	0.001	2
8.1333	0.001	2
8.1667	0.001	2
8.2	0.001	2
8.2333	0.001	2
8.2667	0.001	2
8.3	0.001	2
8.3333	0.001	2
8.3667	0.001	2
8.4	0.001	2
8.4333	0.001	2
8.4667	0.001	2
8.5	0.001	2
8.5333	0.001	2
8.5667	0.001	2
8.6	0.001	2
8.6333	0.001	2
8.6667	0.001	2
8.7	0.001	2
8.7333	0.001	2
8.7667	0.001	2
8.8	0.001	2
8.8333	0.001	2
8.8667	0.001	2
8.9	0.001	2
8.9333	0.001	2
8.9667	0.001	2
9	0.001	2
9.0333	0.001	2
9.0667	0.001	2
9.1	0.001	2
9.1333	0.001	2
9.1667	0.001	2
9.2	0.001	2
9.2333	0.001	2
9.2667	0.001	2
9.3	0.001	2
9.3333	0.001	2
9.3667	0.001	2
9.4	0.001	2
9.4333	0.001	2
9.4667	0.001	2
9.5	0.001	2
9.5333	0.001	2
9.5667	0.001	2
9.6	0.001	2
9.6333	0.001	2
9.6667	0.001	2
9.7	0.001	2
9.7333	0.001	2
9.7667	0.001	2
9.8	0.001	2
9.8333	0.001	2
9.8667	0.001	2
9.9	0.001	2
9.9333	0.001	2
9.9667	0.001	2
10	0.001	2
10.033	0.001	2
10.067	0.001	2
10.1	0.001	2
10.133	0.001	2
10.167	0.001	2
10.2	0.001	2
10.233	0.001	2
10.267	0.001	2
10.3	0.001	2
10.333	0.001	2
10.367	0.001	2
10.4	0.001	2
10.433	0.001	2
10.467	0.001	2
10.5	0.001	2
10.533	0.001	2
10.567	0.001	2
10.6	0.001	2
10.633	0.001	2
10.667	0.001	2
10.7	0.001	2
10.733	0.001	2
10.767	0.001	2
10.8	0.001	2
10.833	0.001	2
10.867	0.001	2
10.9	0.001	2
10.933	0.001	2
10.967	0.001	2
11	0.001	2
11.033	0.001	2
11.067	0.001	2
11.1	0.001	2
11.133	0.001	2
11.167	0.001	2
11.2	0.001	2
11.233	0.001	2
11.267	0.001	2
11.3	0.001	2
11.333	0.001	2
11.367	0.001	2
11.4	0.001	2
11.433	0.001	2
11.467	0.001	2
11.5	0.001	2
11.533	0.001	2
11.567	0.001	2
11.6	0.001	2
11.633	0.001	2
11.667	0.001	2
11.7	0.001	2
11.733	0.001	2
11.767	0.001	2
11.8	0.001	2
11.833	0.001	2
11.867	0.001	2
11.9	0.001	2
11.933	0.001	2
11.967	0.001	2
12	0.001	2
12.033	0.001	2
12.067	0.001	2
12.1	0.001	2
12.133	0.001	2
12.167	0.001	2
12.2	0.001	2
12.233	0.001	2
12.267	0.001	2
12.3	0.001	2
12.333	0.001	2
12.367	0.001	2
12.4	0.001	2
12.433	0.001	2
12.467	0.001	2
12.5	0.001	2
12.533	0.001	2
12.567	0.001	2
12.6	0.001	2
12.633	0.001	2
12.667	0.001	2
12.7	0.001	2
12.733	0.001	2
12.767	0.001	2
12.8	0.001	2
12.833	0.001	2
12.867	0.001	2
12.9	0.001	2
12.933	0.001	2
12.967	0.001	2
13	0.001	2
13.033	0.001	2
13.067	0.001	2
13.1	0.001	2
13.133	0.001	2
13.167	0.001	2
13.2	0.001	2
13.233	0.001	2
13.267	0.001	2
13.3	0.001	2
13.333	0.001	2
13.367	0.001	2
13.4	0.001	2
13.433	0.001	2
13.467	0.001	2
13.5	0.001	2
13.533	0.001	2
13.567	0.001	2
13.6	0.001	2
13.633	0.001	2
13.667	0.001	2
13.7	0.001	2
13.733	0.001	2
13.767	0.001	2
13.8	0.001	2
13.833	0.001	2
13.867	0.001	2
13.9	0.001	2
13.933	0.001	2
13.967	0.001	2
14	0.001	2
14.033	0.001	2
14.067	0.001	2
14.1	0.001	2
14.133	0.001	2
14.167	0.001	2
14.2	0.001	2
14.233	0.001	2
14.267	0.001	2
14.3	0.001	2
14.333	0.001	2
14.367	0.001	2
14.4	0.001	2
14.433	0.001	2
14.467	0.001	2
14.5	0.001	2
14.533	0.001	2
14.567	0.001	2
14.6	0.001	2
14.633	0.001	2
14.667	0.001	2
14.7	0.001	2
14.733	0.001	2
14.767	0.001	2
14.8	0.001	2
14.833	0.001	2
14.867	0.001	2
14.9	0.001	2
14.933	0.001	2
14.967	0.001	2
15	0.001	2
15.033	0.001	2
15.067	0.001	2
15.1	0.001	2
15.133	0.001	2
15.167	0.001	2
15.2	0.001	2
15.233	0.001	2
15.267	0.001	2
15.3	0.001	2
15.333	0.001	2
15.367	0.001	2
15.4	0.001	2
15.433	0.001	2
15.467	0.001	2
15.5	0.001	2
15.533	0.001	2
15.567	0.001	2
15.6	0.001	2
15.633	0.001	2
15.667	0.001	2
15.7	0.001	2
15.733	0.001	2
15.767	0.001	2
15.8	0.001	2
15.833	0.001	2
15.867	0.001	2
15.9	0.001	2
15.933	0.001	2
15.967	0.001	2
16	0.001	2
16.033	0.001	2
16.067	0.001	2
16.1	0.001	2
16.133	0.001	2
16.167	0.001	2
16.2	0.001	2
16.233	0.001	2
16.267	0.001	2
16.3	0.001	2
16.333	0.001	2
16.367	0.001	2
16.4	0.001	2
16.433	0.001	2
16.467	0.001	2
16.5	0.001	2
16.533	0.001	2
16.567	0.001	2
16.6	0.001	2
16.633	0.001	2
16.667	0.001	2
16.7	0.001	2
16.733	0.001	2
16.767	0.001	2
16.8	0.001	2
16.833	0.001	2
16.867	0.001	2
16.9	0.001	2
16.933	0.001	2
16.967	0.001	2
17	0.001	2
17.033	0.001	2
17.067	0.001	2
17.1	0.001	2
17.133	0.001	2
17.167	0.001	2
17.2	0.001	2
17.233	0.001	2
17.267	0.001	2
17.3	0.001	2
17.333	0.001	2
17.367	0.001	2
17.4	0.001	2
17.433	0.001	2
17.467	0.001	2
17.5	0.001	2
17.533	0.001	2
17.567	0.001	2
17.6	0.001	2
17.633	0.001	2
17.667	0.001	2
17.7	0.001	2
17.733	0.001	2
17.767	0.001	2
17.8	0.001	2
17.833	0.001	2
17.867	0.001	2
17.9	0.001	2
17.933	0.001	2
17.967	0.001	2
18	0.001	2
18.033	0.001	2
18.067	0.001	2
18.1	0.001	2
18.133	0.001	2
18.167	0.001	2
18.2	0.001	2
18.233	0.001	2
18.267	0.001	2
18.3	0.001	2
18.333	0.001	2
18.367	0.001	2
18.4	0.001	2
18.433	0.001	2
18.467	0.001	2
18.5	0.001	2
18.533	0.001	2
18.567	0.001	2
18.6	0.001	2
18.633	0.001	2
18.667	0.001	2
18.7	0.001	2
18.733	0.001	2
18.767	0.001	2
18.8	0.001	2
18.833	0.001	2
18.867	0.001	2
18.9	0.001	2
18.933	0.001	2
18.967	0.001	2
19	0.001	2
19.033	0.001	2
19.067	0.001	2
19.1	0.001	2
19.133	0.001	2
19.167	0.001	2
19.2	0.001	2
19.233	0.001	2
19.267	0.001	2
19.3	0.001	2
19.333	0.001	2
19.367	0.001	2
19.4	0.001	2
19.433	0.001	2
19.467	0.001	2
19.5	0.001	2
19.533	0.001	2
19.567	0.001	2
19.6	0.001	2
19.633	0.001	2
19.667	0.001	2
19.7	0.001	2
19.733	0.001	2
19.767	0.001	2
19.8	0.001	2
19.833	0.001	2
19.867	0.001	2
19.9	0.001	2
19.933	0.001	2
19.967	0.001	2
20	0.001	2
20.033	0.001	2
20.067	0.001	2
20.1	0.001	2
20.133	0.001	2
20.167	0.001	2
20.2	0.001	2
20.233	0.001	2
20.267	0.001	2
20.3	0.001	2
20.333	0.001	2
20.367	0.001	2
20.4	0.001	2
20.433	0.001	2
20.467	0.001	2
20.5	0.001	2
20.533	0.001	2
20.567	0.001	2
20.6	0.001	2
20.633	0.001	2
20.667	0.001	2
20.7	0.001	2
20.733	0.001	2
20.767	0.001	2
20.8	0.001	2
20.833	0.001	2
20.867	0.001	2
20.9	0.001	2
20.933	0.001	2
20.967	0.001	2
21	0.001	2
21.033	0.001	2
21.067	0.001	2
21.1	0.001	2
21.133	0.001	2
21.167	0.001	2
21.2	0.001	2
21.233	0.001	2
21.267	0.001	2
21.3	0.001	2
21.333	0.001	2
21.367	0.001	2
21.4	0.001	2
21.433	0.001	2
21.467	0.001	2
21.5	0.001	2
21.533	0.001	2
21.567	0.001	2
21.6	0.001	2
21.633	0.001	2
21.667	0.001	2
21.7	0.001	2
21.733	0.001	2
21.767	0.001	2
21.8	0.001	2
21.833	0.001	2
21.867	0.001	2
21.9	0.001	2
21.933	0.001	2
21.967	0.001	2
22	0.001	2
22.033	0.001	2
22.067	0.001	2
22.1	0.001	2
22.133	0.001	2
22.167	0.001	2
22.2	0.001	2
22.233	0.001	2
22.267	0.001	2
22.3	0.001	2
22.333	0.001	2
22.367	0.001	2
22.4	0.001	2
22.433	0.001	2
22.467	0.001	2
22.5	0.001	2
22.533	0.001	2
22.567	0.001	2
22.6	0.001	2
22.633	0.001	2
22.667	0.001	2
22.7	0.001	2
22.733	0.001	2
22.767	0.001	2
22.8	0.001	2
22.833	0.001	2
22.867	0.001	2
22.9	0.001	2
22.933	0.001	2
22.967	0.001	2
23	0.001	2
23.033	0.001	2
23.067	0.001	2
23.1	0.001	2
23.133	0.001	2
23.167	0.001	2
23.2	0.001	2
23.233	0.001	2
23.267	0.001	2
23.3	0.001	2
23.333	0.001	2
23.367	0.001	2
23.4	0.001	2
23.433	0.001	2
23.467	0.001	2
23.5	0.001	2
23.533	0.001	2
23.567	0.001	2
23.6	0.001	2
23.633	0.001	2
23.667	0.001	2
23.7	0.001	2
23.733	0.001	2
23.767	0.001	2
23.8	0.001	2
23.833	0.001	2
23.867	0.001	2
23.9	0.001	2
23.933	0.001	2
23.967	0.001	2
24	0.001	2
24.033	0.001	2
24.067	0.001	2
24.1	0.001	2
24.133	0.001	2
24.167	0.001	2
24.2	0.001	2
24.233	0.001	2
24.267	0.001	2
24.3	0.001	2
24.333	0.001	2
24.367	0.001	2
24.4	0.001	2
24.433	0.001	2
24.467	0.001	2
24.5	0.001	2
24.533	0.001	2
24.567	0.001	2
24.6	0.001	2
24.633	0.001	2
24.667	0.001	2
24.7	0.001	2
24.733	0.001	2
24.767	0.001	2
24.8	0.001	2
24.833	0.001	2
24.867	0.001	2
24.9	0.001	2
24.933	0.001	2
24.967	0.001	2
25	0.001	2
25.033	0.001	2
25.067	0.001	2
25.1	0.001	2
25.133	0.001	2
25.167	0.001	2
25.2	0.001	2
25.233	0.001	2
25.267	0.001	2
25.3	0.001	2
25.333	0.001	2
25.367	0.001	2
25.4	0.001	2
25.433	0.001	2
25.467	0.001	2
25.5	0.001	2
25.533	0.001	2
25.567	0.001	2
25.6	0.001	2
25.633	0.001	2
25.667	0.001	2
25.7	0.001	2
25.733	0.001	2
25.767	0.001	2
25.8	0.001	2
25.833	0.001	2
25.867	0.001	2
25.9	0.001	2
25.933	0.001	2
25.967	0.001	2
26	0.001	2
26.033	0.001	2
26.067	0.001	2
26.1	0.001	2
26.133	0.001	2
26.167	0.001	2
26.2	0.001	2
26.233	0.001	2
26.267	0.001	2
26.3	0.001	2
26.333	0.001	2
26.367	0.001	2
26.4	0.001	2
26.433	0.001	2
26.467	0.001	2
26.5	0.001	2
26.533	0.001	2
26.567	0.001	2
26.6	0.001	2
26.633	0.001	2
26.667	0.001	2
26.7	0.001	2
26.733	0.001	2
26.767	0.001	2
26.8	0.001	2
26.833	0.001	2
26.867	0.001	2
26.9	0.001	2
26.933	0.001	2
26.967	0.001	2
27	0.001	2
27.033	0.001	2
27.067	0.001	2
27.1	0.001	2
27.133	0.001	2
27.167	0.001	2
27.2	0.001	2
27.233	0.001	2
27.267	0.001	2
27.3	0.001	2
27.333	0.001	2
27.367	0.001	2
27.4	0.001	2
27.433	0.001	2
27.467	0.001	2
27.5	0.001	2
27.533	0.001	2
27.567	0.001	2
27.6	0.001	2
27.633	0.001	2
27.667	0.001	2
27.7	0.001	2
27.733	0.001	2
27.767	0.001	2
27.8	0.001	2
27.833	0.001	2
27.867	0.001	2
27.9	0.001	2
27.933	0.001	2
27.967	0.001	2
28	0.001	2
28.033	0.001	2
28.067	0.001	2
28.1	0.001	2
28.133	0.001	2
28.167	0.001	2
28.2	0.001	2
28.233	0.001	2
28.267	0.001	2
28.3	0.001	2
28.333	0.001	2
28.367	0.001	2
28.4	0.001	2
28.433	0.001	2
28.467	0.001	2
28.5	0.001	2
28.533	0.001	2
28.567	0.001	2
28.6	0.001	2
28.633	0.001	2
28.667	0.001	2
28.7	0.001	2
28.733	0.001	2
28.767	0.001	2
28.8	0.001	2
28.833	0.001	2
28.867	0.001	2
28.9	0.001	2
28.933	0.001	2
28.967	0.001	2
29	0.001	2
29.033	0.001	2
29.067	0.001	2
29.1	0.001	2
29.133	0.001	2
29.167	0.001	2
29.2	0.001	2
29.233	0.001	2
29.267	0.001	2
29.3	0.001	2
29.333	0.001	2
29.367	0.001	2
29.4	0.001	2
29.433	0.001	2
29.467	0.001	2
29.5	0.001	2
29.533	0.001	2
29.567	0.001	2
29.6	0.001	2
29.633	0.001	2
29.667	0.001	2
29.7	0.001	2
29.733	0.001	2
29.767	0.001	2
29.8	0.001	2
29.833	0.001	2
29.867	0.001	2
29.9	0.001	2
29.933	0.001	2
29.967	0.001	2
30	0.001	2
30.033	0.001	2
30.067	0.001	2
30.1	0.001	2
30.133	0.001	2
30.167	0.001	2
30.2	0.001	2
30.233	0.001	2
30.267	0.001	2
30.3	0.001	2
30.333	0.001	2
30.367	0.001	2
30.4	0.001	2
30.433	0.001	2
30.467	0.001	2
30.5	0.001	2
30.533	0.001	2
30.567	0.001	2
30.6	0.001	2
30.633	0.001	2
30.667	0.001	2
30.7	0.001	2
30.733	0.001	2
30.767	0.001	2
30.8	0.001	2
30.833	0.001	2
30.867	0.001	2
30.9	0.001	2
30.933	0.001	2
30.967	0.001	2
31	0.001	2
31.033	0.001	2
31.067	0.001	2
31.1	0.001	2
31.133	0.001	2
31.167	0.001	2
31.2	0.001	2
31.233	0.001	2
31.267	0.001	2
31.3	0.001	2
31.333	0.001	2
31.367	0.001	2
31.4	0.001	2
31.433	0.001	2
31.467	0.001	2
31.5	0.001	2
31.533	0.001	2
31.567	0.001	2
31.6	0.001	2
31.633	0.001	2
31.667	0.001	2
31.7	0.001	2
31.733	0.001	2
31.767	0.001	2
31.8	0.001	2
31.833	0.001	2
31.867	0.001	2
31.9	0.001	2
31.933	0.001	2
31.967	0.001	2
32	0.001	2
32.033	0.001	2
32.067	0.001	2
32.1	0.001	2
32.133	0.001	2
32.167	0.001	2
32.2	0.001	2
32.233	0.001	2
32.267	0.001	2
32.3	0.001	2
32.333	0.001	2
32.367	0.001	2
32.4	0.001	2
32.433	0.001	2
32.467	0.001	2
32.5	0.001	2
32.533	0.001	2
32.567	0.001	2
32.6	0.001	2
32.633	0.001	2
32.667	0.001	2
32.7	0.001	2
32.733	0.001	2
32.767	0.001	2
32.8	0.001	2
32.833	0.001	2
32.867	0.001	2
32.9	0.001	2
32.933	0.001	2
32.967	0.001	2
33	0.001	2
33.033	0.001	2
33.067	0.001	2
33.1	0.001	2
33.133	0.001	2
33.167	0.001	2
33.2	0.001	2
33.233	0.001	2
33.267	0.001	2
33.3	0.001	2
33.333	0.001	2
33.367	0.001	2
33.4	0.001	2
33.433	0.001	2
33.467	0.001	2
33.5	0.001	2
33.533	0.001	2
33.567	0.001	2
33.6	0.001	2
33.633	0.001	2
33.667	0.001	2
33.7	0.001	2
33.733	0.001	2
33.767	0.001	2
33.8	0.001	2
33.833	0.001	2
33.867	0.001	2
33.9	0.001	2
33.933	0.001	2
33.967	0.001	2
34	0.001	2
34.033	0.001	2
34.067	0.001	2
34.1	0.001	2
34.133	0.001	2
34.167	0.001	2
34.2	0.001	2
34.233	0.001	2
34.267	0.001	2
34.3	0.001	2
34.333	0.001	2
34.367	0.001	2
34.4	0.001	2
34.433	0.001	2
34.467	0.001	2
34.5	0.001	2
34.533	0.001	2
34.567	0.001	2
34.6	0.001	2
34.633	0.001	2
34.667	0.001	2
34.7	0.001	2
34.733	0.001	2
34.767	0.001	2
34.8	0.001	2
34.833	0.001	2
34.867	0.001	2
34.9	0.001	2
34.933	0.001	2
34.967	0.001	2
35	0.001	2
35.033	0.001	2
35.067	0.001	2
35.1	0.001	2
35.133	0.001	2
35.167	0.001	2
35.2	0.001	2
35.233	0.001	2
35.267	0.001	2
35.3	0.001	2
35.333	0.001	2
35.367	0.001	2
35.4	0.001	2
35.433	0.001	2
35.467	0.001	2
35.5	0.001	2
35.533	0.001	2
35.567	0.001	2
35.6	0.001	2
35.633	0.001	2
35.667	0.001	2
35.7	0.001	2
35.733	0.001	2
35.767	0.001	2
35.8	0.001	2
35.833	0.001	2
35.867	0.001	2
35.9	0.001	2
35.933	0.001	2
35.967	0.001	2
36	0.001	2
36.033	0.001	2
36.067	0.001	2
36.1	0.001	2
36.133	0.001	2
36.167	0.001	2
36.2	0.001	2
36.233	0.001	2
36.267	0.001	2
36.3	0.001	2
36.333	0.001	2
36.367	0.001	2
36.4	0.001	2
36.433	0.001	2
36.467	0.001	2
36.5	0.001	2
36.533	0.001	2
36.567	0.001	2
36.6	0.001	2
36.633	0.001	2
36.667	0.001	2
36.7	0.001	2
36.733	0.001	2
36.767	0.001	2
36.8	0.001	2
36.833	0.001	2
36.867	0.001	2
36.9	0.001	2
36.933	0.001	2
36.967	0.001	2
37	0.001	2
37.033	0.001	2
37.067	0.001	2
37.1	0.001	2
37.133	0.001	2
37.167	0.001	2
37.2	0.001	2
37.233	0.001	2
37.267	0.001	2
37.3	0.001	2
37.333	0.001	2
37.367	0.001	2
37.4	0.001	2
37.433	0.001	2
37.467	0.001	2
37.5	0.001	2
37.533	0.001	2
37.567	0.001	2
37.6	0.001	2
37.633	0.001	2
37.667	0.001	2
37.7	0.001	2
37.733	0.001	2
37.767	0.001	2
37.8	0.001	2
37.833	0.001	2
37.867	0.001	2
37.9	0.001	2
37.933	0.001	2
37.967	0.001	2
38	0.001	2
38.033	0.001	2
38.067	0.001	2
38.1	0.001	2
38.133	0.001	2
38.167	0.001	2
38.2	0.001	2
38.233	0.001	2
38.267	0.001	2
38.3	0.001	2
38.333	0.001	2
38.367	0.001	2
38.4	0.001	2
38.433	0.001	2
38.467	0.001	2
38.5	0.001	2
38.533	0.001	2
38.567	0.001	2
38.6	0.001	2
38.633	0.001	2
38.667	0.001	2
38.7	0.001	2
38.733	0.001	2
38.767	0.001	2
38.8	0.001	2
38.833	0.001	2
38.867	0.001	2
38.9	0.001	2
38.933	0.001	2
38.967	0.001	2
39	0.001	2
39.033	0.001	2
39.067	0.001	2
39.1	0.001	2
39.133	0.001	2
39.167	0.001	2
39.2	0.001	2
39.233	0.001	2
39.267	0.001	2
39.3	0.001	2
39.333	0.001	2
39.367	0.001	2
39.4	0.001	2
39.433	0.001	2
39.467	0.001	2
39.5	0.001	2
39.533	0.001	2
39.567	0.001	2
39.6	0.001	2
39.633	0.001	2
39.667	0.001	2
39.7	0.001	2
39.733	0.001	2
39.767	0.001	2
39.8	0.001	2
39.833	0.001	2
39.867	0.001	2
39.9	0.001	2
39.933	0.001	2
39.967	0.001	2
40	0.001	2
40.033	0.001	2
40.067	0.001	2
40.1	0.001	2
40.133	0.001	2
40.167	0.001	2
40.2	0.001	2
40.233	0.001	2
40.267	0.001	2
40.3	0.001	2
40.333	0.001	2
40.367	0.001	2
40.4	0.001	2
40.433	0.001	2
40.467	0.001	2
40.5	0.001	2
40.533	0.001	2
40.567	0.001	2
40.6	0.001	2
40.633	0.001	2
40.667	0.001	2
40.7	0.001	2
40.733	0.001	2
40.767	0.001	2
40.8	0.001	2
40.833	0.001	2
40.867	0.001	2
40.9	0.001	2
40.933	0.001	2
40.967	0.001	2
41	0.001	2
41.033	0.001	2
41.067	0.001	2
41.1	0.001	2
41.133	0.001	2
41.167	0.001	2
41.2	0.001	2
41.233	0.001	2
41.267	0.001	2
41.3	0.001	2
41.333	0.001	2
41.367	0.001	2
41.4	0.001	2
41.433	0.001	2
41.467	0.001	2
41.5	0.001	2
41.533	0.001	2
41.567	0.001	2
41.6	0.001	2
41.633	0.001	2
41.667	0.001	2
41.7	0.001	2
41.733	0.001	2
41.767	0.001	2
41.8	0.001	2
41.833	0.001	2
41.867	0.001	2
41.9	0.001	2
41.933	0.001	2
41.967	0.001	2
42	0.001	2
42.033	0.001	2
42.067	0.001	2
42.1	0.001	2
42.133	0.001	2
42.167	0.001	2
42.2	0.001	2
42.233	0.001	2
42.267	0.001	2
42.3	0.001	2
42.333	0.001	2
42.367	0.001	2
42.4	0.001	2
42.433	0.001	2
42.467	0.001	2
42.5	0.001	2
42.533	0.001	2
42.567	0.001	2
42.6	0.001	2
42.633	0.001	2
42.667	0.001	2
42.7	0.001	2
42.733	0.001	2
42.767	0.001	2
42.8	0.001	2
42.833	0.001	2
42.867	0.001	2
42.9	0.001	2
42.933	0.001	2
42.967	0.001	2
43	0.001	2
43.033	0.001	2
43.067	0.001	2
43.1	0.001	2
43.133	0.001	2
43.167	0.001	2
43.2	0.001	2
43.233	0.001	2
43.267	0.001	2
43.3	0.001	2
43.333	0.001	2
43.367	0.001	2
43.4	0.001	2
43.433	0.001	2
43.467	0.001	2
43.5	0.001	2
43.533	0.001	2
43.567	0.001	2
43.6	0.001	2
43.633	0.001	2
43.667	0.001	2
43.7	0.001	2
43.733	0.001	2
43.767	0.001	2
43.8	0.001	2
43.833	0.001	2
43.867	0.001	2
43.9	0.001	2
43.933	0.001	2
43.967	0.001	2
44	0.001	2
44.033	0.001	2
44.067	0.001	2
44.1	0.001	2
44.133	0.001	2
44.167	0.001	2
44.2	0.001	2
44.233	0.001	2
44.267	0.001	2
44.3	0.001	2
44.333	0.001	2
44.367	0.001	2
44.4	0.001	2
44.433	0.001	2
44.467	0.001	2
44.5	0.001	2
44.533	0.001	2
44.567	0.001	2
44.6	0.001	2
44.633	0.001	2
44.667	0.001	2
44.7	0.001	2
44.733	0.001	2
44.767	0.001	2
44.8	0.001	2
44.833	0.001	2
44.867	0.001	2
44.9	0.001	2
44.933	0.001	2
44.967	0.001	2
45	0.001	2
45.033	0.001	2
45.067	0.001	2
45.1	0.001	2
45.133	0.001	2
45.167	0.001	2
45.2	0.001	2
45.233	0.001	2
45.267	0.001	2
45.3	0.001	2
45.333	0.001	2
45.367	0.001	2
45.4	0.001	2
45.433	0.001	2
45.467	0.001	2
45.5	0.001	2
45.533	0.001	2
45.567	0.001	2
45.6	0.001	2
45.633	0.001	2
45.667	0.001	2
45.7	0.001	2
45.733	0.001	2
45.767	0.001	2
45.8	0.001	2
45.833	0.001	2
45.867	0.001	2
45.9	0.001	2
45.933	0.001	2
45.967	0.001	2
46	0.001	2
46.033	0.001	2
46.067	0.001	2
46.1	0.001	2
46.133	0.001	2
46.167	0.001	2
46.2	0.001	2
46.233	0.001	2
46.267	0.001	2
46.3	0.001	2
46.333	0.001	2
46.367	0.001	2
46.4	0.001	2
46.433	0.001	2
46.467	0.001	2
46.5	0.001	2
46.533	0.001	2
46.567	0.001	2
46.6	0.001	2
46.633	0.001	2
46.667	0.001	2
46.7	0.001	2
46.733	0.001	2
46.767	0.001	2
46.8	0.001	2
46.833	0.001	2
46.867	0.001	2
46.9	0.001	2
46.933	0.001	2
46.967	0.001	2
47	0.001	2
47.033	0.001	2
47.067	0.001	2
47.1	0.001	2
47.133	0.001	2
47.167	0.001	2
47.2	0.001	2
47.233	0.001	2
47.267	0.001	2
47.3	0.001	2
47.333	0.001	2
47.367	0.001	2
47.4	0.001	2
47.433	0.001	2
47.467	0.001	2
47.5	0.001	2
47.533	0.001	2
47.567	0.001	2
47.6	0.001	2
47.633	0.001	2
47.667	0.001	2
47.7	0.001	2
47.733	0.001	2
47.767	0.001	2
47.8	0.001	2
47.833	0.001	2
47.867	0.001	2
47.9	0.001	2
47.933	0.001	2
47.967	0.001	2
48	0.001	2
48.033	0.001	2
48.067	0.001	2
48.1	0.001	2
48.133	0.001	2
48.167	0.001	2
48.2	0.001	2
48.233	0.001	2
48.267	0.001	2
48.3	0.001	2
48.333	0.001	2
48.367	0.001	2
48.4	0.001	2
48.433	0.001	2
48.467	0.001	2
48.5	0.001	2
48.533	0.001	2
48.567	0.001	2
48.6	0.001	2
48.633	0.001	2
48.667	0.001	2
48.7	0.001	2
48.733	0.001	2
48.767	0.001	2
48.8	0.001	2
48.833	0.001	2
48.867	0.001	2
48.9	0.001	2
48.933	0.001	2
48.967	0.001	2
49	0.001	2
49.033	0.001	2
49.067	0.001	2
49.1	0.001	2
49.133	0.001	2
49.167	0.001	2
49.2	0.001	2
49.233	0.001	2
49.267	0.001	2
49.3	0.001	2
49.333	0.001	2
49.367	0.001	2
49.4	0.001	2
49.433	0.001	2
49.467	0.001	2
49.5	0.001	2
49.533	0.001	2
49.567	0.001	2
49.6	0.001	2
49.633	0.001	2
49.667	0.001	2
49.7	0.001	2
49.733	0.001	2
49.767	0.001	2
49.8	0.001	2
49.833	0.001	2
49.867	0.001	2
49.9	0.001	2
49.933	0.001	2
49.967	0.001	2
50	0.001	2
50.033	0.001	2
50.067	0.001	2
50.1	0.001	2
50.133	0.001	2
50.167	0.001	2
50.2	0.001	2
50.233	0.001	2
50.267	0.001	2
50.3	0.001	2
50.333	0.001	2
50.367	0.001	2
50.4	0.001	2
50.433	0.001	2
50.467	0.001	2
50.5	0.001	2
50.533	0.001	2
50.567	0.001	2
50.6	0.001	2
50.633	0.001	2
50.667	0.001	2
50.7	0.001	2
50.733	0.001	2
50.767	0.001	2
50.8	0.001	2
50.833	0.001	2
50.867	0.001	2
50.9	0.001	2
50.933	0.001	2
50.967	0.001	2
51	0.001	2
51.033	0.001	2
51.067	0.001	2
51.1	0.001	2
51.133	0.001	2
51.167	0.001	2
51.2	0.001	2
51.233	0.001	2
51.267	0.001	2
51.3	0.001	2
51.333	0.001	2
51.367	0.001	2
51.4	0.001	2
51.433	0.001	2
51.467	0.001	2
51.5	0.001	2
51.533	0.001	2
51.567	0.001	2
51.6	0.001	2
51.633	0.001	2
51.667	0.001	2
51.7	0.001	2
51.733	0.001	2
51.767	0.001	2
51.8	0.001	2
51.833	0.001	2
51.867	0.001	2
51.9	0.001	2
51.933	0.001	2
51.967	0.001	2
52	0.001	2
52.033	0.001	2
52.067	0.001	2
52.1	0.001	2
52.133	0.001	2
52.167	0.001	2
52.2	0.001	2
52.233	0.001	2
52.267	0.001	2
52.3	0.001	2
52.333	0.001	2
52.367	0.001	2
52.4	0.001	2
52.433	0.001	2
52.467	0.001	2
52.5	0.001	2
52.533	0.001	2
52.567	0.001	2
52.6	0.001	2
52.633	0.001	2
52.667	0.001	2
52.7	0.001	2
52.733	0.001	2
52.767	0.001	2
52.8	0.001	2
52.833	0.001	2
52.867	0.001	2
52.9	0.001	2
52.933	0.001	2
52.967	0.001	2
53	0.001	2
53.033	0.001	2
53.067	0.001	2
53.1	0.001	2
53.133	0.001	2
53.167	0.001	2
53.2	0.001	2
53.233	0.001	2
53.267	0.001	2
53.3	0.001	2
53.333	0.001	2
53.367	0.001	2
53.4	0.001	2
53.433	0.001	2
53.467	0.001	2
53.5	0.001	2
53.533	0.001	2
53.567	0.001	2
53.6	0.001	2
53.633	0.001	2
53.667	0.001	2
53.7	0.001	2
53.733	0.001	2
53.767	0.001	2
53.8	0.001	2
53.833	0.001	2
53.867	0.001	2
53.9	0.001	2
53.933	0.001	2
53.967	0.001	2
54	0.001	2
54.033	0.001	2
54.067	0.001	2
54.1	0.001	2
54.133	0.001	2
54.167	0.001	2
54.2	0.001	2
54.233	0.001	2
54.267	0.001	2
54.3	0.001	2
54.333	0.001	2
54.367	0.001	2
54.4	0.001	2
54.433	0.001	2
54.467	0.001	2
54.5	0.001	2
54.533	0.001	2
54.567	0.001	2
54.6	0.001	2
54.633	0.001	2
54.667	0.001	2
54.7	0.001	2
54.733	0.001	2
54.767	0.001	2
54.8	0.001	2
54.833	0.001	2
54.867	0.001	2
54.9	0.001	2
54.933	0.001	2
54.967	0.001	2
55	0.001	2
55.033	0.001	2
55.067	0.001	2
55.1	0.001	2
55.133	0.001	2
55.167	0.001	2
55.2	0.001	2
55.233	0.001	2
55.267	0.001	2
55.3	0.001	2
55.333	0.001	2
55.367	0.001	2
55.4	0.001	2
55.433	0.001	2
55.467	0.001	2
55.5	0.001	2
55.533	0.001	2
55.567	0.001	2
55.6	0.001	2
55.633	0.001	2
55.667	0.001	2
55.7	0.001	2
55.733	0.001	2
55.767	0.001	2
55.8	0.001	2
55.833	0.001	2
55.867	0.001	2
55.9	0.001	2
55.933	0.001	2
55.967	0.001	2
56	0.001	2
56.033	0.001	2
56.067	0.001	2
56.1	0.001	2
56.133	0.001	2
56.167	0.001	2
56.2	0.001	2
56.233	0.001	2
56.267	0.001	2
56.3	0.001	2
56.333	0.001	2
56.367	0.001	2
56.4	0.001	2
56.433	0.001	2
56.467	0.001	2
56.5	0.001	2
56.533	0.001	2
56.567	0.001	2
56.6	0.001	2
56.633	0.001	2
56.667	0.001	2
56.7	0.001	2
56.733	0.001	2
56.767	0.001	2
56.8	0.001	2
56.833	0.001	2
56.867	0.001	2
56.9	0.001	2
56.933	0.001	2
56.967	0.001	2
57	0.001	2
57.033	0.001	2
57.067	0.001	2
57.1	0.001	2
57.133	0.001	2
57.167	0.001	2
57.2	0.001	2
57.233	0.001	2
57.267	0.001	2
57.3	0.001	2
57.333	0.001	2
57.367	0.001	2
57.4	0.001	2
57.433	0.001	2
57.467	0.001	2
57.5	0.001	2
57.533	0.001	2
57.567	0.001	2
57.6	0.001	2
57.633	0.001	2
57.667	0.001	2
57.7	0.001	2
57.733	0.001	2
57.767	0.001	2
57.8	0.001	2
57.833	0.001	2
57.867	0.001	2
57.9	0.001	2
57.933	0.001	2
57.967	0.001	2
58	0.001	2
58.033	0.001	2
58.067	0.001	2
58.1	0.001	2
58.133	0.001	2
58.167	0.001	2
58.2	0.001	2
58.233	0.001	2
58.267	0.001	2
58.3	0.001	2
58.333	0.001	2
58.367	0.001	2
58.4	0.001	2
58.433	0.001	2
58.467	0.001	2
58.5	0.001	2
58.533	0.001	2
58.567	0.001	2
58.6	0.001	2
58.633	0.001	2
58.667	0.001	2
58.7	0.001	2
58.733	0.001	2
58.767	0.001	2
58.8	0.001	2
58.833	0.001	2
58.867	0.001	2
58.9	0.001	2
58.933	0.001	2
58.967	0.001	2
59	0.001	2
59.033	0.001	2
59.067	0.001	2
59.1	0.001	2
59.133	0.001	2
59.167	0.001	2
59.2	0.001	2
59.233	0.001	2
59.267	0.001	2
59.3	0.001	2
59.333	0.001	2
59.367	0.001	2
59.4	0.001	2
59.433	0.001	2
59.467	0.001	2
59.5	0.001	2
59.533	0.001	2
59.567	0.001	2
59.6	0.001	2
59.633	0.001	2
59.667	0.001	2
59.7	0.001	2
59.733	0.001	2
59.767	0.001	2
59.8	0.001	2
59.833	0.001	2
59.867	0.001	2
59.9	0.001	2
59.933	0.001	2
59.967	0.001	2
60	0.001	2
60.033	0.001	2
60.067	0.001	2
60.1	0.001	2
60.133	0.001	2
60.167	0.001	2
60.2	0.001	2
60.233	0.001	2
60.267	0.001	2
60.3	0.001	2
60.333	0.001	2
60.367	0.001	2
60.4	0.001	2
60.433	0.001	2
60.467	0.001	2
60.5	0.001	2
60.533	0.001	2
60.567	0.001	2
60.6	0.001	2
60.633	0.001	2
60.667	0.001	2
60.7	0.001	2
60.733	0.001	2
60.767	0.001	2
60.8	0.001	2
60.833	0.001	2
60.867	0.001	2
60.9	0.001	2
60.933	0.001	2
60.967	0.001	2
61	0.001	2
61.033	0.001	2
61.067	0.001	2
61.1	0.001	2
61.133	0.001	2
61.167	0.001	2
61.2	0.001	2
61.233	0.001	2
61.267	0.001	2
61.3	0.001	2
61.333	0.001	2
61.367	0.001	2
61.4	0.001	2
61.433	0.001	2
61.467	0.001	2
61.5	0.001	2
61.533	0.001	2
61.567	0.001	2
61.6	0.001	2
61.633	0.001	2
61.667	0.001	2
61.7	0.001	2
61.733	0.001	2
61.767	0.001	2
61.8	0.001	2
61.833	0.001	2
61.867	0.001	2
61.9	0.001	2
61.933	0.001	2
61.967	0.001	2
62	0.001	2
62.033	0.001	2
62.067	0.001	2
62.1	0.001	2
62.133	0.001	2
62.167	0.001	2
62.2	0.001	2
62.233	0.001	2
62.267	0.001	2
62.3	0.001	2
62.333	0.001	2
62.367	0.001	2
62.4	0.001	2
62.433	0.001	2
62.467	0.001	2
62.5	0.001	2
62.533	0.001	2
62.567	0.001	2
62.6	0.001	2
62.633	0.001	2
62.667	0.001	2
62.7	0.001	2
62.733	0.001	2
62.767	0.001	2
62.8	0.001	2
62.833	0.001	2
62.867	0.001	2
62.9	0.001	2
62.933	0.001	2
62.967	0.001	2
63	0.001	2
63.033	0.001	2
63.067	0.001	2
63.1	0.001	2
63.133	0.001	2
63.167	0.001	2
63.2	0.001	2
63.233	0.001	2
63.267	0.001	2
63.3	0.001	2
63.333	0.001	2
63.367	0.001	2
63.4	0.001	2
63.433	0.001	2
63.467	0.001	2
63.5	0.001	2
63.533	0.001	2
63.567	0.001	2
63.6	0.001	2
63.633	0.001	2
63.667	0.001	2
63.7	0.001	2
63.733	0.001	2
63.767	0.001	2
63.8	0.001	2
63.833	0.001	2
63.867	0.001	2
63.9	0.001	2
63.933	0.001	2
63.967	0.001	2
64	0.001	2
64.033	0.001	2
64.067	0.001	2
64.1	0.001	2
64.133	0.001	2
64.167	0.001	2
64.2	0.001	2
64.233	0.001	2
64.267	0.001	2
64.3	0.001	2
64.333	0.001	2
64.367	0.001	2
64.4	0.001	2
64.433	0.001	2
64.467	0.001	2
64.5	0.001	2
64.533	0.001	2
64.567	0.001	2
64.6	0.001	2
64.633	0.001	2
64.667	0.001	2
64.7	0.001	2
64.733	0.001	2
64.767	0.001	2
64.8	0.001	2
64.833	0.001	2
64.867	0.001	2
64.9	0.001	2
64.933	0.001	2
64.967	0.001	2
65	0.001	2
65.033	0.001	2
65.067	0.001	2
65.1	0.001	2
65.133	0.001	2
65.167	0.001	2
65.2	0.001	2
65.233	0.001	2
65.267	0.001	2
65.3	0.001	2
65.333	0.001	2
65.367	0.001	2
65.4	0.001	2
65.433	0.001	2
65.467	0.001	2
65.5	0.001	2
65.533	0.001	2
65.567	0.001	2
65.6	0.001	2
65.633	0.001	2
65.667	0.001	2
65.7	0.001	2
65.733	0.001	2
65.767	0.001	2
65.8	0.001	2
65.833	0.001	2
65.867	0.001	2
65.9	0.001	2
65.933	0.001	2
65.967	0.001	2
66	0.001	2
66.033	0.001	2
66.067	0.001	2
66.1	0.001	2
66.133	0.001	2
66.167	0.001	2
66.2	0.001	2
66.233	0.001	2
66.267	0.001	2
66.3	0.001	2
66.333	0.001	2
66.367	0.001	2
66.4	0.001	2
66.433	0.001	2
66.467	0.001	2
66.5	0.001	2
66.533	0.001	2
66.567	0.001	2
66.6	0.001	2
66.633	0.001	2
66.667	0.001	2
66.7	0.001	2
66.733	0.001	2
66.767	0.001	2
66.8	0.001	2
66.833	0.001	2
66.867	0.001	2
66.9	0.001	2
66.933	0.001	2
66.967	0.001	2
67	0.001	2
67.033	0.001	2
67.067	0.001	2
67.1	0.001	2
67.133	0.001	2
67.167	0.001	2
67.2	0.001	2
67.233	0.001	2
67.267	0.001	2
67.3	0.001	2
67.333	0.001	2
67.367	0.001	2
67.4	0.001	2
67.433	0.001	2
67.467	0.001	2
67.5	0.001	2
67.533	0.001	2
67.567	0.001	2
67.6	0.001	2
67.633	0.001	2
67.667	0.001	2
67.7	0.001	2
67.733	0.001	2
67.767	0.001	2
67.8	0.001	2
67.833	0.001	2
67.867	0.001	2
67.9	0.001	2
67.933	0.001	2
67.967	0.001	2
68	0.001	2
68.033	0.001	2
68.067	0.001	2
68.1	0.001	2
68.133	0.001	2
68.167	0.001	2
68.2	0.001	2
68.233	0.001	2
68.267	0.001	2
68.3	0.001	2
68.333	0.001	2
68.367	0.001	2
68.4	0.001	2
68.433	0.001	2
68.467	0.001	2
68.5	0.001	2
68.533	0.001	2
68.567	0.001	2
68.6	0.001	2
68.633	0.001	2
68.667	0.001	2
68.7	0.001	2
68.733	0.001	2
68.767	0.001	2
68.8	0.001	2
68.833	0.001	2
68.867	0.001	2
68.9	0.001	2
68.933	0.001	2
68.967	0.001	2
69	0.001	2
69.033	0.001	2
69.067	0.001	2
69.1	0.001	2
69.133	0.001	2
69.167	0.001	2
69.2	0.001	2
69.233	0.001	2
69.267	0.001	2
69.3	0.001	2
69.333	0.001	2
69.367	0.001	2
69.4	0.001	2
69.433	0.001	2
69.467	0.001	2
69.5	0.001	2
69.533	0.001	2
69.567	0.001	2
69.6	0.001	2
69.633	0.001	2
69.667	0.001	2
69.7	0.001	2
69.733	0.001	2
69.767	0.001	2
69.8	0.001	2
69.833	0.001	2
69.867	0.001	2
69.9	0.001	2
69.933	0.001	2
69.967	0.001	2
70	0.001	2
70.033	0.001	2
70.067	0.001	2
70.1	0.001	2
70.133	0.001	2
70.167	0.001	2
70.2	0.001	2
70.233	0.001	2
70.267	0.001	2
70.3	0.001	2
70.333	0.001	2
70.367	0.001	2
70.4	0.001	2
70.433	0.001	2
70.467	0.001	2
70.5	0.001	2
70.533	0.001	2
70.567	0.001	2
70.6	0.001	2
70.633	0.001	2
70.667	0.001	2
70.7	0.001	2
70.733	0.001	2
70.767	0.001	2
70.8	0.001	2
70.833	0.001	2
70.867	0.001	2
70.9	0.001	2
70.933	0.001	2
70.967	0.001	2
71	0.001	2
71.033	0.001	2
71.067	0.001	2
71.1	0.001	2
71.133	0.001	2
71.167	0.001	2
71.2	0.001	2
71.233	0.001	2
71.267	0.001	2
71.3	0.001	2
71.333	0.001	2
71.367	0.001	2
71.4	0.001	2
71.433	0.001	2
71.467	0.001	2
71.5	0.001	2
71.533	0.001	2
71.567	0.001	2
71.6	0.001	2
71.633	0.001	2
71.667	0.001	2
71.7	0.001	2
71.733	0.001	2
71.767	0.001	2
71.8	0.001	2
71.833	0.001	2
71.867	0.001	2
71.9	0.001	2
71.933	0.001	2
71.967	0.001	2
72	0.001	2
0.083333	0.0017394	3
0.16667	0.0014924	3
0.25	0.0014924	3
0.33333	0.0012459	3
0.41667	0.0012459	3
0.5	0.0012459	3
0.58333	0.0012459	3
0.66667	0.0012459	3
0.75	0.0012459	3
0.83333	0.0012459	3
0.91667	0.0012459	3
1	0.0014924	3
1.0833	0.0014924	3
1.1667	0.0012459	3
1.25	0.0014924	3
1.3333	0.0014924	3
1.4167	0.0014924	3
1.5	0.0014924	3
1.5833	0.0014924	3
1.6667	0.0014924	3
1.75	0.0014924	3
1.8333	0.0012459	3
1.9167	0.0014924	3
2	0.0014924	3
2.0833	0.0014924	3
2.1667	0.0014924	3
2.25	0.0014924	3
2.3333	0.0014924	3
2.4167	0.0014924	3
2.5	0.0012459	3
2.5833	0.0014924	3
2.6667	0.0014924	3
2.75	0.0014924	3
2.8333	0.0014924	3
2.9167	0.0014924	3
3	0.0014924	3
3.0833	0.0014924	3
3.1667	0.0014924	3
3.25	0.0014924	3
3.3333	0.0014924	3
3.4167	0.0014924	3
3.5	0.0012459	3
3.5833	0.0014924	3
3.6667	0.0014924	3
3.75	0.0014924	3
3.8333	0.0012459	3
3.9167	0.0012459	3
4	0.0014924	3
4.0833	0.0014924	3
4.1667	0.0014924	3
4.25	0.0012459	3
4.3333	0.0012459	3
4.4167	0.0012459	3
4.5	0.0014924	3
4.5833	0.0012459	3
4.6667	0.0014924	3
4.75	0.0012459	3
4.8333	0.0014924	3
4.9167	0.0012459	3
5	0.0012459	3
5.0833	0.0012459	3
5.1667	0.0012459	3
5.25	0.0012459	3
5.3333	0.0012459	3
5.4167	0.0012459	3
5.5	0.0012459	3
5.5833	0.0012459	3
5.6667	0.0012459	3
5.75	0.0012459	3
5.8333	0.0012459	3
5.9167	0.0012459	3
6	0.0012459	3
6.0833	0.0012459	3
6.1667	0.0012459	3
6.25	0.0012459	3
6.3333	0.0012459	3
6.4167	0.0012459	3
6.5	0.0012459	3
6.5833	0.0012459	3
6.6667	0.0012459	3
6.75	0.0012459	3
6.8333	0.0012459	3
6.9167	0.0012459	3
7	0.0012459	3
7.0833	0.0012459	3
7.1667	0.0012459	3
7.25	0.0012459	3
7.3333	0.0012459	3
7.4167	0.0012459	3
7.5	0.0012459	3
7.5833	0.0012459	3
7.6667	0.0012459	3
7.75	0.0012459	3
7.8333	0.0012459	3
7.9167	0.0012459	3
8	0.0012459	3
8.0833	0.0012459	3
8.1667	0.0012459	3
8.25	0.0012459	3
8.3333	0.0012459	3
8.4167	0.0012459	3
8.5	0.0012459	3
8.5833	0.0012459	3
8.6667	0.0012459	3
8.75	0.0012459	3
8.8333	0.0012459	3
8.9167	0.0012459	3
9	0.0012459	3
9.0833	0.0012459	3
9.1667	0.0012459	3
9.25	0.0012459	3
9.3333	0.0012459	3
9.4167	0.0012459	3
9.5	0.0012459	3
9.5833	0.0012459	3
9.6667	0.0012459	3
9.75	0.0012459	3
9.8333	0.0012459	3
9.9167	0.0012459	3
10	0.0012459	3
10.083	0.0012459	3
10.167	0.0012459	3
10.25	0.0012459	3
10.333	0.0012459	3
10.417	0.0012459	3
10.5	0.0012459	3
10.583	0.0012459	3
10.667	0.0012459	3
10.75	0.0012459	3
10.833	0.0012459	3
10.917	0.0012459	3
11	0.0012459	3
11.083	0.0012459	3
11.167	0.0012459	3
11.25	0.0012459	3
11.333	0.0012459	3
11.417	0.0012459	3
11.5	0.0012459	3
11.583	0.0012459	3
11.667	0.0012459	3
11.75	0.0012459	3
11.833	0.0012459	3
11.917	0.0012459	3
12	0.0012459	3
12.083	0.0012459	3
12.167	0.0012459	3
12.25	0.0012459	3
12.333	0.0012459	3
12.417	0.0012459	3
12.5	0.0012459	3
12.583	0.0012459	3
12.667	0.0012459	3
12.75	0.0012459	3
12.833	0.0012459	3
12.917	0.0012459	3
13	0.0012459	3
13.083	0.0012459	3
13.167	0.0012459	3
13.25	0.0012459	3
13.333	0.0012459	3
13.417	0.0012459	3
13.5	0.0012459	3
13.583	0.0012459	3
13.667	0.0012459	3
13.75	0.0012459	3
13.833	0.0012459	3
13.917	0.0012459	3
14	0.0012459	3
14.083	0.0012459	3
14.167	0.0012459	3
14.25	0.0012459	3
14.333	0.0012459	3
14.417	0.0012459	3
14.5	0.0012459	3
14.583	0.0012459	3
14.667	0.0012459	3
14.75	0.0012459	3
14.833	0.0012459	3
14.917	0.0012459	3
15	0.0012459	3
15.083	0.0012459	3
15.167	0.0012459	3
15.25	0.0012459	3
15.333	0.0012459	3
15.417	0.0012459	3
15.5	0.0012459	3
15.583	0.0012459	3
15.667	0.0012459	3
15.75	0.0012459	3
15.833	0.0012459	3
15.917	0.0012459	3
16	0.0012459	3
16.083	0.0012459	3
16.167	0.0012459	3
16.25	0.0012459	3
16.333	0.0012459	3
16.417	0.0012459	3
16.5	0.0012459	3
16.583	0.0012459	3
16.667	0.0012459	3
16.75	0.0012459	3
16.833	0.0012459	3
16.917	0.0012459	3
17	0.0012459	3
17.083	0.0012459	3
17.167	0.0012459	3
17.25	0.0012459	3
17.333	0.0012459	3
17.417	0.0012459	3
17.5	0.0012459	3
17.583	0.0012459	3
17.667	0.0012459	3
17.75	0.0012459	3
17.833	0.0012459	3
17.917	0.0012459	3
18	0.0012459	3
18.083	0.0012459	3
18.167	0.0012459	3
18.25	0.0012459	3
18.333	0.0012459	3
18.417	0.0012459	3
18.5	0.0012459	3
18.583	0.0012459	3
18.667	0.0012459	3
18.75	0.0012459	3
18.833	0.0012459	3
18.917	0.0012459	3
19	0.0012459	3
19.083	0.0012459	3
19.167	0.0012459	3
19.25	0.0012459	3
19.333	0.0012459	3
19.417	0.0012459	3
19.5	0.0012459	3
19.583	0.0012459	3
19.667	0.0012459	3
19.75	0.0012459	3
19.833	0.0012459	3
19.917	0.0012459	3
20	0.0012459	3
20.083	0.0012459	3
20.167	0.0012459	3
20.25	0.0012459	3
20.333	0.0012459	3
20.417	0.0012459	3
20.5	0.0012459	3
20.583	0.0012459	3
20.667	0.0012459	3
20.75	0.0012459	3
20.833	0.0012459	3
20.917	0.0012459	3
21	0.0012459	3
21.083	0.0012459	3
21.167	0.0012459	3
21.25	0.0012459	3
21.333	0.0012459	3
21.417	0.0012459	3
21.5	0.0012459	3
21.583	0.0012459	3
21.667	0.0012459	3
21.75	0.0012459	3
21.833	0.0012459	3
21.917	0.0012459	3
22	0.0012459	3
22.083	0.0012459	3
22.167	0.0012459	3
22.25	0.0012459	3
22.333	0.0012459	3
22.417	0.0012459	3
22.5	0.0012459	3
22.583	0.0012459	3
22.667	0.0012459	3
22.75	0.0012459	3
22.833	0.0012459	3
22.917	0.0012459	3
23	0.0012459	3
23.083	0.0012459	3
23.167	0.0012459	3
23.25	0.0012459	3
23.333	0.0012459	3
23.417	0.0012459	3
23.5	0.0012459	3
23.583	0.0012459	3
23.667	0.0012459	3
23.75	0.0012459	3
23.833	0.0012459	3
23.917	0.0012459	3
24	0.0012459	3
24.083	0.0012459	3
24.167	0.0012459	3
24.25	0.0012459	3
24.333	0.0012459	3
24.417	0.0012459	3
24.5	0.0012459	3
24.583	0.0012459	3
24.667	0.0012459	3
24.75	0.0012459	3
24.833	0.0012459	3
24.917	0.0012459	3
25	0.0012459	3
25.083	0.0012459	3
25.167	0.0012459	3
25.25	0.0012459	3
25.333	0.0012459	3
25.417	0.0012459	3
25.5	0.0012459	3
25.583	0.0012459	3
25.667	0.0012459	3
25.75	0.0012459	3
25.833	0.0012459	3
25.917	0.0012459	3
26	0.0012459	3
26.083	0.0012459	3
26.167	0.0012459	3
26.25	0.0012459	3
26.333	0.0014924	3
26.417	0.0012459	3
26.5	0.0012459	3
26.583	0.0012459	3
26.667	0.0012459	3
26.75	0.0012459	3
26.833	0.0012459	3
26.917	0.0012459	3
27	0.0012459	3
27.083	0.0012459	3
27.167	0.0012459	3
27.25	0.0012459	3
27.333	0.0012459	3
27.417	0.0012459	3
27.5	0.0012459	3
27.583	0.0012459	3
27.667	0.0012459	3
27.75	0.0012459	3
27.833	0.0012459	3
27.917	0.0012459	3
28	0.0012459	3
28.083	0.0012459	3
28.167	0.0012459	3
28.25	0.0012459	3
28.333	0.0012459	3
28.417	0.0012459	3
28.5	0.0012459	3
28.583	0.0012459	3
28.667	0.0012459	3
28.75	0.0012459	3
28.833	0.0012459	3
28.917	0.0012459	3
29	0.0012459	3
29.083	0.0012459	3
29.167	0.0012459	3
29.25	0.0012459	3
29.333	0.0012459	3
29.417	0.0012459	3
29.5	0.0014924	3
29.583	0.0012459	3
29.667	0.0012459	3
29.75	0.0012459	3
29.833	0.0012459	3
29.917	0.0012459	3
30	0.0012459	3
30.083	0.0014924	3
30.167	0.0012459	3
30.25	0.0012459	3
30.333	0.0012459	3
30.417	0.0012459	3
30.5	0.0012459	3
30.583	0.0012459	3
30.667	0.0012459	3
30.75	0.0012459	3
30.833	0.0012459	3
30.917	0.0012459	3
31	0.0012459	3
31.083	0.0012459	3
31.167	0.0012459	3
31.25	0.0014924	3
31.333	0.0012459	3
31.417	0.0012459	3
31.5	0.0012459	3
31.583	0.0012459	3
31.667	0.0012459	3
31.75	0.0012459	3
31.833	0.0012459	3
31.917	0.0012459	3
32	0.0012459	3
32.083	0.0012459	3
32.167	0.0014924	3
32.25	0.0012459	3
32.333	0.0014924	3
32.417	0.0012459	3
32.5	0.0012459	3
32.583	0.0012459	3
32.667	0.0012459	3
32.75	0.0012459	3
32.833	0.0012459	3
32.917	0.0012459	3
33	0.0014924	3
33.083	0.0012459	3
33.167	0.0012459	3
33.25	0.0012459	3
33.333	0.0012459	3
33.417	0.0012459	3
33.5	0.0012459	3
33.583	0.0012459	3
33.667	0.0012459	3
33.75	0.0012459	3
33.833	0.0014924	3
33.917	0.0012459	3
34	0.0012459	3
34.083	0.0012459	3
34.167	0.0014924	3
34.25	0.0012459	3
34.333	0.0012459	3
34.417	0.0012459	3
34.5	0.0012459	3
34.583	0.0012459	3
34.667	0.0012459	3
34.75	0.0012459	3
34.833	0.0012459	3
34.917	0.0012459	3
35	0.0012459	3
35.083	0.0012459	3
35.167	0.0012459	3
35.25	0.0012459	3
35.333	0.0012459	3
35.417	0.0012459	3
35.5	0.0012459	3
35.583	0.0012459	3
35.667	0.0012459	3
35.75	0.0012459	3
35.833	0.0012459	3
35.917	0.0012459	3
36	0.0012459	3
36.083	0.0012459	3
36.167	0.0012459	3
36.25	0.0012459	3
36.333	0.0012459	3
36.417	0.0012459	3
36.5	0.0012459	3
36.583	0.0012459	3
36.667	0.0012459	3
36.75	0.0012459	3
36.833	0.0014924	3
36.917	0.0014924	3
37	0.0012459	3
37.083	0.0012459	3
37.167	0.0014924	3
37.25	0.0012459	3
37.333	0.0012459	3
37.417	0.0012459	3
37.5	0.0014924	3
37.583	0.0012459	3
37.667	0.0014924	3
37.75	0.0014924	3
37.833	0.0012459	3
37.917	0.0012459	3
38	0.0012459	3
38.083	0.0014924	3
38.167	0.0012459	3
38.25	0.0012459	3
38.333	0.0012459	3
38.417	0.0012459	3
38.5	0.0012459	3
38.583	0.0012459	3
38.667	0.0012459	3
38.75	0.0012459	3
38.833	0.0014924	3
38.917	0.0014924	3
39	0.0012459	3
39.083	0.0012459	3
39.167	0.0012459	3
39.25	0.0012459	3
39.333	0.0012459	3
39.417	0.0012459	3
39.5	0.0012459	3
39.583	0.0012459	3
39.667	0.0012459	3
39.75	0.0012459	3
39.833	0.0012459	3
39.917	0.0012459	3
40	0.0012459	3
40.083	0.0012459	3
40.167	0.0012459	3
40.25	0.0012459	3
40.333	0.0012459	3
40.417	0.0012459	3
40.5	0.0012459	3
40.583	0.0012459	3
40.667	0.0012459	3
40.75	0.0012459	3
40.833	0.0014924	3
40.917	0.0012459	3
41	0.0012459	3
41.083	0.0014924	3
41.167	0.0012459	3
41.25	0.0012459	3
41.333	0.0012459	3
41.417	0.0012459	3
41.5	0.0014924	3
41.583	0.0012459	3
41.667	0.0012459	3
41.75	0.0014924	3
41.833	0.0012459	3
41.917	0.0012459	3
42	0.0014924	3
42.083	0.0012459	3
42.167	0.0014924	3
42.25	0.0014924	3
42.333	0.0012459	3
42.417	0.0014924	3
42.5	0.0014924	3
42.583	0.0012459	3
42.667	0.0012459	3
42.75	0.0014924	3
42.833	0.0014924	3
42.917	0.0012459	3
43	0.0014924	3
43.083	0.0012459	3
43.167	0.0014924	3
43.25	0.0014924	3
43.333	0.0012459	3
43.417	0.0012459	3
43.5	0.0012459	3
43.583	0.0012459	3
43.667	0.0012459	3
43.75	0.0012459	3
43.833	0.0014924	3
43.917	0.0014924	3
44	0.0014924	3
44.083	0.0014924	3
44.167	0.0012459	3
44.25	0.0012459	3
44.333	0.0012459	3
44.417	0.0014924	3
44.5	0.0012459	3
44.583	0.0012459	3
44.667	0.0012459	3
44.75	0.0012459	3
44.833	0.0012459	3
44.917	0.0012459	3
45	0.0012459	3
45.083	0.0014924	3
45.167	0.0014924	3
45.25	0.0012459	3
45.333	0.0012459	3
45.417	0.0014924	3
45.5	0.0012459	3
45.583	0.0012459	3
45.667	0.0012459	3
45.75	0.0014924	3
45.833	0.0012459	3
45.917	0.0012459	3
46	0.0012459	3
46.083	0.0012459	3
46.167	0.0014924	3
46.25	0.0012459	3
46.333	0.0012459	3
46.417	0.0012459	3
46.5	0.0012459	3
46.583	0.0012459	3
46.667	0.0014924	3
46.75	0.0012459	3
46.833	0.0012459	3
46.917	0.0012459	3
47	0.0012459	3
47.083	0.0012459	3
47.167	0.0012459	3
47.25	0.0012459	3
47.333	0.0012459	3
47.417	0.0012459	3
47.5	0.0012459	3
47.583	0.0012459	3
47.667	0.0014924	3
47.75	0.0012459	3
47.833	0.0012459	3
47.917	0.0014924	3
48	0.0012459	3
48.083	0.0012459	3
48.167	0.0012459	3
48.25	0.0012459	3
48.333	0.0012459	3
48.417	0.0014924	3
48.5	0.0012459	3
48.583	0.0014924	3
48.667	0.0012459	3
48.75	0.0012459	3
48.833	0.0012459	3
48.917	0.0012459	3
49	0.0012459	3
49.083	0.0014924	3
49.167	0.0012459	3
49.25	0.0012459	3
49.333	0.0012459	3
49.417	0.0014924	3
49.5	0.0012459	3
49.583	0.0012459	3
49.667	0.0014924	3
49.75	0.0012459	3
49.833	0.0012459	3
49.917	0.0014924	3
50	0.0014924	3
50.083	0.0012459	3
50.167	0.0012459	3
50.25	0.0012459	3
50.333	0.0012459	3
50.417	0.0012459	3
50.5	0.0014924	3
50.583	0.0012459	3
50.667	0.0012459	3
50.75	0.0014924	3
50.833	0.0014924	3
50.917	0.0012459	3
51	0.0012459	3
51.083	0.0012459	3
51.167	0.0014924	3
51.25	0.0014924	3
51.333	0.0012459	3
51.417	0.0012459	3
51.5	0.0012459	3
51.583	0.0012459	3
51.667	0.0012459	3
51.75	0.0014924	3
51.833	0.0014924	3
51.917	0.0014924	3
52	0.0014924	3
52.083	0.0014924	3
52.167	0.0012459	3
52.25	0.0012459	3
52.333	0.0012459	3
52.417	0.0012459	3
52.5	0.0012459	3
52.583	0.0012459	3
52.667	0.0012459	3
52.75	0.0012459	3
52.833	0.0014924	3
52.917	0.0012459	3
53	0.0014924	3
53.083	0.0014924	3
53.167	0.0012459	3
53.25	0.0012459	3
53.333	0.0012459	3
53.417	0.0014924	3
53.5	0.0014924	3
53.583	0.0012459	3
53.667	0.0014924	3
53.75	0.0012459	3
53.833	0.0014924	3
53.917	0.0014924	3
54	0.0012459	3
54.083	0.0012459	3
54.167	0.0014924	3
54.25	0.0014924	3
54.333	0.0012459	3
54.417	0.0012459	3
54.5	0.0012459	3
54.583	0.0014924	3
54.667	0.0012459	3
54.75	0.0012459	3
54.833	0.0014924	3
54.917	0.0012459	3
55	0.0014924	3
55.083	0.0012459	3
55.167	0.0014924	3
55.25	0.0012459	3
55.333	0.0012459	3
55.417	0.0012459	3
55.5	0.0012459	3
55.583	0.0012459	3
55.667	0.0012459	3
55.75	0.0012459	3
55.833	0.0012459	3
55.917	0.0012459	3
56	0.0012459	3
56.083	0.0012459	3
56.167	0.0012459	3
56.25	0.0012459	3
56.333	0.0014924	3
56.417	0.0012459	3
56.5	0.0014924	3
56.583	0.0012459	3
56.667	0.0014924	3
56.75	0.0012459	3
56.833	0.0012459	3
56.917	0.0012459	3
57	0.0012459	3
57.083	0.0012459	3
57.167	0.0012459	3
57.25	0.0012459	3
57.333	0.0012459	3
57.417	0.0012459	3
57.5	0.0012459	3
57.583	0.0012459	3
57.667	0.0012459	3
57.75	0.0014924	3
57.833	0.0012459	3
57.917	0.0012459	3
58	0.0014924	3
58.083	0.0012459	3
58.167	0.0012459	3
58.25	0.0012459	3
58.333	0.0012459	3
58.417	0.0012459	3
58.5	0.0012459	3
58.583	0.0014924	3
58.667	0.0012459	3
58.75	0.0014924	3
58.833	0.0012459	3
58.917	0.0014924	3
59	0.0012459	3
59.083	0.0012459	3
59.167	0.0012459	3
59.25	0.0012459	3
59.333	0.0012459	3
59.417	0.0012459	3
59.5	0.0012459	3
59.583	0.0014924	3
59.667	0.0012459	3
59.75	0.0012459	3
59.833	0.0012459	3
59.917	0.0012459	3
60	0.0012459	3
60.083	0.0012459	3
60.167	0.0012459	3
60.25	0.0012459	3
60.333	0.0012459	3
60.417	0.0014924	3
60.5	0.0014924	3
60.583	0.0012459	3
60.667	0.0012459	3
60.75	0.0014924	3
60.833	0.0012459	3
60.917	0.0012459	3
61	0.0012459	3
61.083	0.0012459	3
61.167	0.0012459	3
61.25	0.0012459	3
61.333	0.0012459	3
61.417	0.0012459	3
61.5	0.0012459	3
61.583	0.0014924	3
61.667	0.0012459	3
61.75	0.0012459	3
61.833	0.0012459	3
61.917	0.0012459	3
62	0.0012459	3
62.083	0.0012459	3
62.167	0.0012459	3
62.25	0.0012459	3
62.333	0.0012459	3
62.417	0.0012459	3
62.5	0.0012459	3
62.583	0.0012459	3
62.667	0.0014924	3
62.75	0.0012459	3
62.833	0.0012459	3
62.917	0.0012459	3
63	0.0014924	3
63.083	0.0012459	3
63.167	0.0012459	3
63.25	0.0014924	3
63.333	0.0012459	3
63.417	0.0012459	3
63.5	0.0012459	3
63.583	0.0012459	3
63.667	0.0014924	3
63.75	0.0012459	3
63.833	0.0012459	3
63.917	0.0014924	3
64	0.0014924	3
64.083	0.0014924	3
64.167	0.0012459	3
64.25	0.0014924	3
64.333	0.0012459	3
64.417	0.0014924	3
64.5	0.0012459	3
64.583	0.0014924	3
64.667	0.0012459	3
64.75	0.0012459	3
64.833	0.0012459	3
64.917	0.0012459	3
65	0.0012459	3
65.083	0.0012459	3
65.167	0.0012459	3
65.25	0.0012459	3
65.333	0.0012459	3
65.417	0.0012459	3
65.5	0.0012459	3
65.583	0.0012459	3
65.667	0.0012459	3
65.75	0.0012459	3
65.833	0.0012459	3
65.917	0.0012459	3
66	0.0012459	3
66.083	0.0012459	3
66.167	0.0012459	3
66.25	0.0012459	3
66.333	0.0012459	3
66.417	0.0012459	3
66.5	0.0012459	3
66.583	0.0012459	3
66.667	0.0012459	3
66.75	0.0014924	3
66.833	0.0012459	3
66.917	0.0012459	3
67	0.0012459	3
67.083	0.0012459	3
67.167	0.0014924	3
67.25	0.0012459	3
67.333	0.0012459	3
67.417	0.0012459	3
67.5	0.0012459	3
67.583	0.0012459	3
67.667	0.0012459	3
67.75	0.0014924	3
67.833	0.0012459	3
67.917	0.0014924	3
68	0.0012459	3
68.083	0.0012459	3
68.167	0.0012459	3
68.25	0.0012459	3
68.333	0.0012459	3
68.417	0.0012459	3
68.5	0.0012459	3
68.583	0.0012459	3
68.667	0.0012459	3
68.75	0.0012459	3
68.833	0.0012459	3
68.917	0.0014924	3
69	0.0012459	3
69.083	0.0012459	3
69.167	0.0012459	3
69.25	0.0014924	3
69.333	0.0012459	3
69.417	0.0012459	3
69.5	0.0012459	3
69.583	0.0014924	3
69.667	0.0014924	3
69.75	0.0012459	3
69.833	0.0014924	3
69.917	0.0012459	3
70	0.0014924	3
70.083	0.0012459	3
70.167	0.0012459	3
70.25	0.0012459	3
70.333	0.0012459	3
70.417	0.0012459	3
70.5	0.0012459	3
70.583	0.0014924	3
70.667	0.0012459	3
70.75	0.0012459	3
70.833	0.0012459	3
70.917	0.0012459	3
71	0.0012459	3
71.083	0.0014924	3
71.167	0.0014924	3
71.25	0.0012459	3
71.333	0.0012459	3
71.417	0.0012459	3
71.5	0.0012459	3
71.583	0.0012459	3
71.667	0.0012459	3
71.75	0.0012459	3
71.833	0.0012459	3
71.917	0.0012459	3
72	0.0012459	3
0.083333	0.001	4
0.16667	0.001	4
0.25	0.001	4
0.33333	0.001	4
0.41667	0.001	4
0.5	0.001	4
0.58333	0.001	4
0.66667	0.001	4
0.75	0.001	4
0.83333	0.001	4
0.91667	0.001	4
1	0.001	4
1.0833	0.001	4
1.1667	0.001	4
1.25	0.001	4
1.3333	0.001	4
1.4167	0.001	4
1.5	0.001	4
1.5833	0.001	4
1.6667	0.001	4
1.75	0.001	4
1.8333	0.001	4
1.9167	0.001	4
2	0.001	4
2.0833	0.001	4
2.1667	0.001	4
2.25	0.001	4
2.3333	0.001	4
2.4167	0.001	4
2.5	0.001	4
2.5833	0.001	4
2.6667	0.001	4
2.75	0.001	4
2.8333	0.001	4
2.9167	0.001	4
3	0.001	4
3.0833	0.001	4
3.1667	0.001	4
3.25	0.001	4
3.3333	0.001	4
3.4167	0.001	4
3.5	0.001	4
3.5833	0.001	4
3.6667	0.001	4
3.75	0.001	4
3.8333	0.001	4
3.9167	0.001	4
4	0.001	4
4.0833	0.001	4
4.1667	0.001	4
4.25	0.001	4
4.3333	0.001	4
4.4167	0.001	4
4.5	0.001	4
4.5833	0.001	4
4.6667	0.001	4
4.75	0.001	4
4.8333	0.001	4
4.9167	0.001	4
5	0.001	4
5.0833	0.001	4
5.1667	0.001	4
5.25	0.001	4
5.3333	0.001	4
5.4167	0.001	4
5.5	0.001	4
5.5833	0.001	4
5.6667	0.001	4
5.75	0.001	4
5.8333	0.001	4
5.9167	0.001	4
6	0.001	4
6.0833	0.001	4
6.1667	0.001	4
6.25	0.001	4
6.3333	0.001	4
6.4167	0.001	4
6.5	0.001	4
6.5833	0.001	4
6.6667	0.001	4
6.75	0.001	4
6.8333	0.001	4
6.9167	0.001	4
7	0.001	4
7.0833	0.001	4
7.1667	0.001	4
7.25	0.001	4
7.3333	0.001	4
7.4167	0.001	4
7.5	0.001	4
7.5833	0.001	4
7.6667	0.001	4
7.75	0.001	4
7.8333	0.001	4
7.9167	0.001	4
8	0.001	4
8.0833	0.001	4
8.1667	0.001	4
8.25	0.001	4
8.3333	0.001	4
8.4167	0.001	4
8.5	0.001	4
8.5833	0.001	4
8.6667	0.001	4
8.75	0.001	4
8.8333	0.001	4
8.9167	0.001	4
9	0.001	4
9.0833	0.001	4
9.1667	0.001	4
9.25	0.001	4
9.3333	0.001	4
9.4167	0.001	4
9.5	0.001	4
9.5833	0.001	4
9.6667	0.001	4
9.75	0.001	4
9.8333	0.001	4
9.9167	0.001	4
10	0.001	4
10.083	0.001	4
10.167	0.001	4
10.25	0.001	4
10.333	0.001	4
10.417	0.001	4
10.5	0.001	4
10.583	0.001	4
10.667	0.001	4
10.75	0.001	4
10.833	0.001	4
10.917	0.001	4
11	0.001	4
11.083	0.001	4
11.167	0.001	4
11.25	0.001	4
11.333	0.001	4
11.417	0.001	4
11.5	0.001	4
11.583	0.001	4
11.667	0.001	4
11.75	0.001	4
11.833	0.001	4
11.917	0.001	4
12	0.001	4
12.083	0.001	4
12.167	0.001	4
12.25	0.001	4
12.333	0.001	4
12.417	0.001	4
12.5	0.001	4
12.583	0.001	4
12.667	0.001	4
12.75	0.001	4
12.833	0.001	4
12.917	0.001	4
13	0.001	4
13.083	0.001	4
13.167	0.001	4
13.25	0.001	4
13.333	0.001	4
13.417	0.001	4
13.5	0.001	4
13.583	0.001	4
13.667	0.001	4
13.75	0.001	4
13.833	0.001	4
13.917	0.001	4
14	0.001	4
14.083	0.001	4
14.167	0.001	4
14.25	0.001	4
14.333	0.001	4
14.417	0.001	4
14.5	0.001	4
14.583	0.001	4
14.667	0.001	4
14.75	0.001	4
14.833	0.001	4
14.917	0.001	4
15	0.001	4
15.083	0.001	4
15.167	0.001	4
15.25	0.001	4
15.333	0.001	4
15.417	0.001	4
15.5	0.001	4
15.583	0.001	4
15.667	0.001	4
15.75	0.001	4
15.833	0.001	4
15.917	0.001	4
16	0.001	4
16.083	0.001	4
16.167	0.001	4
16.25	0.001	4
16.333	0.001	4
16.417	0.001	4
16.5	0.001	4
16.583	0.001	4
16.667	0.001	4
16.75	0.001	4
16.833	0.001	4
16.917	0.001	4
17	0.001	4
17.083	0.001	4
17.167	0.001	4
17.25	0.001	4
17.333	0.001	4
17.417	0.001	4
17.5	0.001	4
17.583	0.001	4
17.667	0.001	4
17.75	0.001	4
17.833	0.001	4
17.917	0.001	4
18	0.001	4
18.083	0.001	4
18.167	0.001	4
18.25	0.001	4
18.333	0.001	4
18.417	0.001	4
18.5	0.001	4
18.583	0.001	4
18.667	0.001	4
18.75	0.001	4
18.833	0.001	4
18.917	0.001	4
19	0.001	4
19.083	0.001	4
19.167	0.001	4
19.25	0.001	4
19.333	0.001	4
19.417	0.001	4
19.5	0.001	4
19.583	0.001	4
19.667	0.001	4
19.75	0.001	4
19.833	0.001	4
19.917	0.001	4
20	0.001	4
20.083	0.001	4
20.167	0.001	4
20.25	0.001	4
20.333	0.001	4
20.417	0.001	4
20.5	0.001	4
20.583	0.001	4
20.667	0.001	4
20.75	0.001	4
20.833	0.001	4
20.917	0.001	4
21	0.001	4
21.083	0.001	4
21.167	0.001	4
21.25	0.001	4
21.333	0.001	4
21.417	0.001	4
21.5	0.001	4
21.583	0.001	4
21.667	0.001	4
21.75	0.001	4
21.833	0.001	4
21.917	0.001	4
22	0.001	4
22.083	0.001	4
22.167	0.001	4
22.25	0.001	4
22.333	0.001	4
22.417	0.001	4
22.5	0.001	4
22.583	0.001	4
22.667	0.001	4
22.75	0.001	4
22.833	0.001	4
22.917	0.001	4
23	0.001	4
23.083	0.001	4
23.167	0.001	4
23.25	0.001	4
23.333	0.001	4
23.417	0.001	4
23.5	0.001	4
23.583	0.001	4
23.667	0.001	4
23.75	0.001	4
23.833	0.001	4
23.917	0.001	4
24	0.001	4
24.083	0.001	4
24.167	0.001	4
24.25	0.001	4
24.333	0.001	4
24.417	0.001	4
24.5	0.001	4
24.583	0.001	4
24.667	0.001	4
24.75	0.001	4
24.833	0.001	4
24.917	0.001	4
25	0.001	4
25.083	0.001	4
25.167	0.001	4
25.25	0.001	4
25.333	0.001	4
25.417	0.001	4
25.5	0.001	4
25.583	0.001	4
25.667	0.001	4
25.75	0.001	4
25.833	0.001	4
25.917	0.001	4
26	0.001	4
26.083	0.001	4
26.167	0.001	4
26.25	0.001	4
26.333	0.001	4
26.417	0.001	4
26.5	0.001	4
26.583	0.001	4
26.667	0.001	4
26.75	0.001	4
26.833	0.001	4
26.917	0.001	4
27	0.001	4
27.083	0.001	4
27.167	0.001	4
27.25	0.001	4
27.333	0.001	4
27.417	0.001	4
27.5	0.001	4
27.583	0.001	4
27.667	0.001	4
27.75	0.001	4
27.833	0.001	4
27.917	0.001	4
28	0.001	4
28.083	0.001	4
28.167	0.001	4
28.25	0.001	4
28.333	0.001	4
28.417	0.001	4
28.5	0.001	4
28.583	0.001	4
28.667	0.001	4
28.75	0.001	4
28.833	0.001	4
28.917	0.001	4
29	0.001	4
29.083	0.001	4
29.167	0.001	4
29.25	0.001	4
29.333	0.001	4
29.417	0.001	4
29.5	0.001	4
29.583	0.001	4
29.667	0.001	4
29.75	0.001	4
29.833	0.001	4
29.917	0.001	4
30	0.001	4
30.083	0.001	4
30.167	0.001	4
30.25	0.001	4
30.333	0.001	4
30.417	0.001	4
30.5	0.001	4
30.583	0.001	4
30.667	0.001	4
30.75	0.001	4
30.833	0.001	4
30.917	0.001	4
31	0.001	4
31.083	0.001	4
31.167	0.001	4
31.25	0.001	4
31.333	0.001	4
31.417	0.001	4
31.5	0.001	4
31.583	0.001	4
31.667	0.001	4
31.75	0.001	4
31.833	0.001	4
31.917	0.001	4
32	0.001	4
32.083	0.001	4
32.167	0.001	4
32.25	0.001	4
32.333	0.001	4
32.417	0.001	4
32.5	0.001	4
32.583	0.001	4
32.667	0.001	4
32.75	0.001	4
32.833	0.001	4
32.917	0.001	4
33	0.001	4
33.083	0.001	4
33.167	0.001	4
33.25	0.001	4
33.333	0.001	4
33.417	0.001	4
33.5	0.001	4
33.583	0.001	4
33.667	0.001	4
33.75	0.001	4
33.833	0.001	4
33.917	0.001	4
34	0.001	4
34.083	0.001	4
34.167	0.001	4
34.25	0.001	4
34.333	0.001	4
34.417	0.001	4
34.5	0.001	4
34.583	0.001	4
34.667	0.001	4
34.75	0.001	4
34.833	0.001	4
34.917	0.001	4
35	0.001	4
35.083	0.001	4
35.167	0.001	4
35.25	0.001	4
35.333	0.001	4
35.417	0.001	4
35.5	0.001	4
35.583	0.001	4
35.667	0.001	4
35.75	0.001	4
35.833	0.001	4
35.917	0.001	4
36	0.001	4
36.083	0.001	4
36.167	0.001	4
36.25	0.001	4
36.333	0.001	4
36.417	0.001	4
36.5	0.001	4
36.583	0.001	4
36.667	0.001	4
36.75	0.001	4
36.833	0.001	4
36.917	0.001	4
37	0.001	4
37.083	0.001	4
37.167	0.001	4
37.25	0.001	4
37.333	0.001	4
37.417	0.001	4
37.5	0.001	4
37.583	0.001	4
37.667	0.001	4
37.75	0.001	4
37.833	0.001	4
37.917	0.001	4
38	0.001	4
38.083	0.001	4
38.167	0.001	4
38.25	0.001	4
38.333	0.001	4
38.417	0.001	4
38.5	0.001	4
38.583	0.001	4
38.667	0.001	4
38.75	0.001	4
38.833	0.001	4
38.917	0.001	4
39	0.001	4
39.083	0.001	4
39.167	0.001	4
39.25	0.001	4
39.333	0.001	4
39.417	0.001	4
39.5	0.001	4
39.583	0.001	4
39.667	0.001	4
39.75	0.001	4
39.833	0.001	4
39.917	0.001	4
40	0.001	4
40.083	0.001	4
40.167	0.001	4
40.25	0.001	4
40.333	0.001	4
40.417	0.001	4
40.5	0.001	4
40.583	0.001	4
40.667	0.001	4
40.75	0.001	4
40.833	0.001	4
40.917	0.001	4
41	0.001	4
41.083	0.001	4
41.167	0.001	4
41.25	0.001	4
41.333	0.001	4
41.417	0.001	4
41.5	0.001	4
41.583	0.001	4
41.667	0.001	4
41.75	0.001	4
41.833	0.001	4
41.917	0.001	4
42	0.001	4
42.083	0.001	4
42.167	0.001	4
42.25	0.001	4
42.333	0.001	4
42.417	0.001	4
42.5	0.001	4
42.583	0.001	4
42.667	0.001	4
42.75	0.001	4
42.833	0.001	4
42.917	0.001	4
43	0.001	4
43.083	0.001	4
43.167	0.001	4
43.25	0.001	4
43.333	0.001	4
43.417	0.001	4
43.5	0.001	4
43.583	0.001	4
43.667	0.001	4
43.75	0.001	4
43.833	0.001	4
43.917	0.001	4
44	0.001	4
44.083	0.001	4
44.167	0.001	4
44.25	0.001	4
44.333	0.001	4
44.417	0.001	4
44.5	0.001	4
44.583	0.001	4
44.667	0.001	4
44.75	0.001	4
44.833	0.001	4
44.917	0.001	4
45	0.001	4
45.083	0.001	4
45.167	0.001	4
45.25	0.001	4
45.333	0.001	4
45.417	0.001	4
45.5	0.001	4
45.583	0.001	4
45.667	0.001	4
45.75	0.001	4
45.833	0.001	4
45.917	0.001	4
46	0.001	4
46.083	0.001	4
46.167	0.001	4
46.25	0.001	4
46.333	0.001	4
46.417	0.001	4
46.5	0.001	4
46.583	0.001	4
46.667	0.001	4
46.75	0.001	4
46.833	0.001	4
46.917	0.001	4
47	0.001	4
47.083	0.001	4
47.167	0.001	4
47.25	0.001	4
47.333	0.001	4
47.417	0.001	4
47.5	0.001	4
47.583	0.001	4
47.667	0.001	4
47.75	0.001	4
47.833	0.001	4
47.917	0.001	4
48	0.001	4
48.083	0.001	4
48.167	0.001	4
48.25	0.001	4
48.333	0.001	4
48.417	0.001	4
48.5	0.001	4
48.583	0.001	4
48.667	0.001	4
48.75	0.001	4
48.833	0.001	4
48.917	0.001	4
49	0.001	4
49.083	0.001	4
49.167	0.001	4
49.25	0.001	4
49.333	0.001	4
49.417	0.001	4
49.5	0.001	4
49.583	0.001	4
49.667	0.001	4
49.75	0.001	4
49.833	0.001	4
49.917	0.001	4
50	0.001	4
50.083	0.001	4
50.167	0.001	4
50.25	0.001	4
50.333	0.001	4
50.417	0.001	4
50.5	0.001	4
50.583	0.001	4
50.667	0.001	4
50.75	0.001	4
50.833	0.001	4
50.917	0.001	4
51	0.001	4
51.083	0.001	4
51.167	0.001	4
51.25	0.001	4
51.333	0.001	4
51.417	0.001	4
51.5	0.001	4
51.583	0.001	4
51.667	0.001	4
51.75	0.001	4
51.833	0.001	4
51.917	0.001	4
52	0.001	4
52.083	0.001	4
52.167	0.001	4
52.25	0.001	4
52.333	0.001	4
52.417	0.001	4
52.5	0.001	4
52.583	0.001	4
52.667	0.001	4
52.75	0.001	4
52.833	0.001	4
52.917	0.001	4
53	0.001	4
53.083	0.001	4
53.167	0.001	4
53.25	0.001	4
53.333	0.001	4
53.417	0.001	4
53.5	0.001	4
53.583	0.001	4
53.667	0.001	4
53.75	0.001	4
53.833	0.001	4
53.917	0.001	4
54	0.001	4
54.083	0.001	4
54.167	0.001	4
54.25	0.001	4
54.333	0.001	4
54.417	0.001	4
54.5	0.001	4
54.583	0.001	4
54.667	0.001	4
54.75	0.001	4
54.833	0.001	4
54.917	0.001	4
55	0.001	4
55.083	0.001	4
55.167	0.001	4
55.25	0.001	4
55.333	0.001	4
55.417	0.001	4
55.5	0.001	4
55.583	0.001	4
55.667	0.001	4
55.75	0.001	4
55.833	0.001	4
55.917	0.001	4
56	0.001	4
56.083	0.001	4
56.167	0.001	4
56.25	0.001	4
56.333	0.001	4
56.417	0.001	4
56.5	0.001	4
56.583	0.001	4
56.667	0.001	4
56.75	0.001	4
56.833	0.001	4
56.917	0.001	4
57	0.001	4
57.083	0.001	4
57.167	0.001	4
57.25	0.001	4
57.333	0.001	4
57.417	0.001	4
57.5	0.001	4
57.583	0.001	4
57.667	0.001	4
57.75	0.001	4
57.833	0.001	4
57.917	0.001	4
58	0.001	4
58.083	0.001	4
58.167	0.001	4
58.25	0.001	4
58.333	0.001	4
58.417	0.001	4
58.5	0.001	4
58.583	0.001	4
58.667	0.001	4
58.75	0.001	4
58.833	0.001	4
58.917	0.001	4
59	0.001	4
59.083	0.001	4
59.167	0.001	4
59.25	0.001	4
59.333	0.001	4
59.417	0.001	4
59.5	0.001	4
59.583	0.001	4
59.667	0.001	4
59.75	0.001	4
59.833	0.001	4
59.917	0.001	4
60	0.001	4
60.083	0.001	4
60.167	0.001	4
60.25	0.001	4
60.333	0.001	4
60.417	0.001	4
60.5	0.001	4
60.583	0.001	4
60.667	0.001	4
60.75	0.001	4
60.833	0.001	4
60.917	0.001	4
61	0.001	4
61.083	0.001	4
61.167	0.001	4
61.25	0.001	4
61.333	0.001	4
61.417	0.001	4
61.5	0.001	4
61.583	0.001	4
61.667	0.001	4
61.75	0.001	4
61.833	0.001	4
61.917	0.001	4
62	0.001	4
62.083	0.001	4
62.167	0.001	4
62.25	0.001	4
62.333	0.001	4
62.417	0.001	4
62.5	0.001	4
62.583	0.001	4
62.667	0.001	4
62.75	0.001	4
62.833	0.001	4
62.917	0.001	4
63	0.001	4
63.083	0.001	4
63.167	0.001	4
63.25	0.001	4
63.333	0.001	4
63.417	0.001	4
63.5	0.001	4
63.583	0.001	4
63.667	0.001	4
63.75	0.001	4
63.833	0.001	4
63.917	0.001	4
64	0.001	4
64.083	0.001	4
64.167	0.001	4
64.25	0.001	4
64.333	0.001	4
64.417	0.001	4
64.5	0.001	4
64.583	0.001	4
64.667	0.001	4
64.75	0.001	4
64.833	0.001	4
64.917	0.001	4
65	0.001	4
65.083	0.001	4
65.167	0.001	4
65.25	0.001	4
65.333	0.001	4
65.417	0.001	4
65.5	0.001	4
65.583	0.001	4
65.667	0.001	4
65.75	0.001	4
65.833	0.001	4
65.917	0.001	4
66	0.001	4
66.083	0.001	4
66.167	0.001	4
66.25	0.001	4
66.333	0.001	4
66.417	0.001	4
66.5	0.001	4
66.583	0.001	4
66.667	0.001	4
66.75	0.001	4
66.833	0.001	4
66.917	0.001	4
67	0.001	4
67.083	0.001	4
67.167	0.001	4
67.25	0.001	4
67.333	0.001	4
67.417	0.001	4
67.5	0.001	4
67.583	0.001	4
67.667	0.001	4
67.75	0.001	4
67.833	0.001	4
67.917	0.001	4
68	0.001	4
68.083	0.001	4
68.167	0.001	4
68.25	0.001	4
68.333	0.001	4
68.417	0.001	4
68.5	0.001	4
68.583	0.001	4
68.667	0.001	4
68.75	0.001	4
68.833	0.001	4
68.917	0.001	4
69	0.001	4
69.083	0.001	4
69.167	0.001	4
69.25	0.001	4
69.333	0.001	4
69.417	0.001	4
69.5	0.001	4
69.583	0.001	4
69.667	0.001	4
69.75	0.001	4
69.833	0.001	4
69.917	0.001	4
70	0.001	4
70.083	0.001	4
70.167	0.001	4
70.25	0.001	4
70.333	0.001	4
70.417	0.001	4
70.5	0.001	4
70.583	0.001	4
70.667	0.001	4
70.75	0.001	4
70.833	0.001	4
70.917	0.001	4
71	0.001	4
71.083	0.001	4
71.167	0.001	4
71.25	0.001	4
71.333	0.001	4
71.417	0.001	4
71.5	0.001	4
71.583	0.001	4
71.667	0.001	4
71.75	0.001	4
71.833	0.001	4
71.917	0.001	4
72	0.001	4
